Track,Persona,Interest sessions/week,Phase,Unlock Sunday,Unlock date,Suggested watch day,Seq,Session Number,Title,Domain,Duration,Dump Session ID,Cumulative unlocked,Unlocked by course start?,Unlocked by end of month 1?
Beginner (Students-2xWeek-15Week),Beginner — Students / Working different field,1,Pre-course,Sun 06 Sep 2026,2026-09-06,Sunday,1,1.1,Python — Introduction to programming + Python basics,Python,95m05s,6a324afd70f9341990ad7cfb,1,Yes,Yes
Beginner (Students-2xWeek-15Week),Beginner — Students / Working different field,1,Pre-course,Sun 13 Sep 2026,2026-09-13,Sunday,2,1.2,Python — Operators and conditional statements,Python,96m14s,6a2bf91c71a0310a05c77ddd,2,Yes,Yes
Beginner (Students-2xWeek-15Week),Beginner — Students / Working different field,1,Pre-course,Sun 20 Sep 2026,2026-09-20,Sunday,3,2.1,Python — Control flow: conditionals and loops,Python,102m35s,6a3526ea70f9341990b1a706,3,Yes,Yes
Beginner (Students-2xWeek-15Week),Beginner — Students / Working different field,1,Pre-course,Sun 27 Sep 2026,2026-09-27,Sunday,4,2.2,"Python — break, continue, and nested loops",Python,101m13s,6a3e87829cb306ef33d40829,4,Yes,Yes
Beginner (Students-2xWeek-15Week),Beginner — Students / Working different field,1,Pre-course,Sun 04 Oct 2026,2026-10-04,Sunday,5,3.1,Python — The power of functions,Python,151m22s,67d8647015193d6d14bd7954,5,Yes,Yes
Beginner (Students-2xWeek-15Week),Beginner — Students / Working different field,1,Pre-course,Sun 11 Oct 2026,2026-10-11,Sunday,6,3.2,Python — Advanced functions,Python,156m49s,684fbecedceadf1bb49a7627,6,Yes,Yes
Beginner (Students-2xWeek-15Week),Beginner — Students / Working different field,1,Course month 1 (2 per Sunday),Sun 25 Oct 2026,2026-10-25,Sunday,7,4.1,"Python — Data structures (lists, strings, sets, tuples, dicts)",Python,134m30s,67938e5f5c1716b998075305,7,No,Yes
Beginner (Students-2xWeek-15Week),Beginner — Students / Working different field,1,Course month 1 (2 per Sunday),Sun 25 Oct 2026,2026-10-25,Wednesday,8,4.2,"Python — Classes, objects and constructors (OOP)",Python,149m21s,6798cb875968d8d661c53158,8,No,Yes
Beginner (Students-2xWeek-15Week),Beginner — Students / Working different field,1,Course month 1 (2 per Sunday),Sun 01 Nov 2026,2026-11-01,Sunday,9,5.1,SQL — Introduction to SQL and databases,SQL,117m31s,67eb02aa3a4f39308727e9fb,9,No,Yes
Beginner (Students-2xWeek-15Week),Beginner — Students / Working different field,1,Course month 1 (2 per Sunday),Sun 01 Nov 2026,2026-11-01,Wednesday,10,5.2,"SQL — Searching, filtering & power functions",SQL,109m16s,68598b79a44425acb3641210,10,No,Yes
Beginner (Students-2xWeek-15Week),Beginner — Students / Working different field,1,Course month 1 (2 per Sunday),Sun 08 Nov 2026,2026-11-08,Sunday,11,6.1,"SQL — Aggregations: GROUP BY, HAVING, ORDER BY, LIMIT",SQL,171m04s,68342d6a907eb74ce68dd391,11,No,Yes
Beginner (Students-2xWeek-15Week),Beginner — Students / Working different field,1,Course month 1 (2 per Sunday),Sun 08 Nov 2026,2026-11-08,Wednesday,12,6.2,SQL — Joins: connecting relational tables,SQL,179m14s,68342d6a907eb74ce68dd9de,12,No,Yes
Beginner (Students-2xWeek-15Week),Beginner — Students / Working different field,1,Course month 1 (2 per Sunday),Sun 15 Nov 2026,2026-11-15,Sunday,13,7.1,SQL — Subqueries,SQL,150m52s,685c366fa44425acb3cc0af4,13,No,Yes
Beginner (Students-2xWeek-15Week),Beginner — Students / Working different field,1,Course month 1 (2 per Sunday),Sun 15 Nov 2026,2026-11-15,Wednesday,14,7.2,SQL — Window functions: ranking,SQL,146m01s,685d8b8da44425acb3013e15,14,No,Yes
Beginner (Students-2xWeek-15Week),Beginner — Students / Working different field,1,After month 1 (continue 2 per Sunday),Sun 22 Nov 2026,2026-11-22,Sunday,15,8.1,Excel — Functions in Excel,Excel,153m26s,6845ea7d618c426169ee2dd8,15,No,No
Beginner (Students-2xWeek-15Week),Beginner — Students / Working different field,1,After month 1 (continue 2 per Sunday),Sun 22 Nov 2026,2026-11-22,Wednesday,16,8.2,"Excel — VLOOKUP, XLOOKUP & HLOOKUP",Excel,131m38s,68b7b86f5585f2fcceed0032,16,No,No
Beginner (Students-2xWeek-15Week),Beginner — Students / Working different field,1,After month 1 (continue 2 per Sunday),Sun 29 Nov 2026,2026-11-29,Sunday,17,9.1,Excel — Pivot tables and charts,Excel,131m38s,684738c2618c426169074cba,17,No,No
Beginner (Students-2xWeek-15Week),Beginner — Students / Working different field,1,After month 1 (continue 2 per Sunday),Sun 29 Nov 2026,2026-11-29,Wednesday,18,9.2,Excel — End-to-end dashboard,Excel,101m06s,684b121bdceadf1bb4805464,18,No,No
Beginner (Students-2xWeek-15Week),Beginner — Students / Working different field,1,After month 1 (continue 2 per Sunday),Sun 06 Dec 2026,2026-12-06,Sunday,19,10.1,Maths — Arithmetic essentials,Maths,145m06s,6846b22b618c42616900145e,19,No,No
Beginner (Students-2xWeek-15Week),Beginner — Students / Working different field,1,After month 1 (continue 2 per Sunday),Sun 06 Dec 2026,2026-12-06,Wednesday,20,10.2,Maths — Central tendency and dispersion,Maths,137m31s,68468868618c426169f46d3b,20,No,No
Beginner (Students-2xWeek-15Week),Beginner — Students / Working different field,1,After month 1 (continue 2 per Sunday),Sun 13 Dec 2026,2026-12-13,Sunday,21,11.1,"NumPy — Arrays, operations & applications",Analytics,141m02s,685306bd09d27a7b709a3c83,21,No,No
Beginner (Students-2xWeek-15Week),Beginner — Students / Working different field,1,After month 1 (continue 2 per Sunday),Sun 13 Dec 2026,2026-12-13,Wednesday,22,11.2,Pandas — Introduction (Series & DataFrames),Analytics,169m39s,6840a130b3353985f57d6caf,22,No,No
Beginner (Students-2xWeek-15Week),Beginner — Students / Working different field,1,After month 1 (continue 2 per Sunday),Sun 20 Dec 2026,2026-12-20,Sunday,23,12.1,"Pandas — Grouping, filtering, and merging",Analytics,146m28s,68507f8709d27a7b702f3c64,23,No,No
Beginner (Students-2xWeek-15Week),Beginner — Students / Working different field,1,After month 1 (continue 2 per Sunday),Sun 20 Dec 2026,2026-12-20,Wednesday,24,12.2,Data Visualization — Matplotlib & Seaborn,Analytics,175m05s,6851619c09d27a7b704f2296,24,No,No
Beginner (Students-2xWeek-15Week),Beginner — Students / Working different field,1,After month 1 (continue 2 per Sunday),Sun 27 Dec 2026,2026-12-27,Sunday,25,13.1,ML — Introduction to machine learning,ML,97m05s,6847ec2f618c426169120bf6,25,No,No
Beginner (Students-2xWeek-15Week),Beginner — Students / Working different field,1,After month 1 (continue 2 per Sunday),Sun 27 Dec 2026,2026-12-27,Wednesday,26,13.2,ML — Encoding & linear regression,ML,125m39s,684c0917dceadf1bb4852a77,26,No,No
Beginner (Students-2xWeek-15Week),Beginner — Students / Working different field,1,After month 1 (continue 2 per Sunday),Sun 03 Jan 2027,2027-01-03,Sunday,27,14.1,ML — Logistic regression,ML,131m25s,68513d8709d27a7b70442869,27,No,No
Beginner (Students-2xWeek-15Week),Beginner — Students / Working different field,1,After month 1 (continue 2 per Sunday),Sun 03 Jan 2027,2027-01-03,Wednesday,28,14.2,ML — Decision trees,ML,97m23s,685530e109d27a7b70e921c1,28,No,No
Beginner (Students-2xWeek-15Week),Beginner — Students / Working different field,1,After month 1 (continue 2 per Sunday),Sun 10 Jan 2027,2027-01-10,Sunday,29,15.1,ML — Random forest,ML,77m37s,685a96e6a44425acb388dce5,29,No,No
Beginner (Students-2xWeek-15Week),Beginner — Students / Working different field,1,After month 1 (continue 2 per Sunday),Sun 10 Jan 2027,2027-01-10,Wednesday,30,15.2,ML — K-Means clustering,ML,53m29s,685bd7c4a44425acb3b905ab,30,No,No
Beginner (Students-2xWeek-15Week),Beginner — Students / Working different field,2,Pre-course,Sun 06 Sep 2026,2026-09-06,Sunday,1,1.1,Python — Introduction to programming + Python basics,Python,95m05s,6a324afd70f9341990ad7cfb,1,Yes,Yes
Beginner (Students-2xWeek-15Week),Beginner — Students / Working different field,2,Pre-course,Sun 06 Sep 2026,2026-09-06,Wednesday,2,1.2,Python — Operators and conditional statements,Python,96m14s,6a2bf91c71a0310a05c77ddd,2,Yes,Yes
Beginner (Students-2xWeek-15Week),Beginner — Students / Working different field,2,Pre-course,Sun 13 Sep 2026,2026-09-13,Sunday,3,2.1,Python — Control flow: conditionals and loops,Python,102m35s,6a3526ea70f9341990b1a706,3,Yes,Yes
Beginner (Students-2xWeek-15Week),Beginner — Students / Working different field,2,Pre-course,Sun 13 Sep 2026,2026-09-13,Wednesday,4,2.2,"Python — break, continue, and nested loops",Python,101m13s,6a3e87829cb306ef33d40829,4,Yes,Yes
Beginner (Students-2xWeek-15Week),Beginner — Students / Working different field,2,Pre-course,Sun 20 Sep 2026,2026-09-20,Sunday,5,3.1,Python — The power of functions,Python,151m22s,67d8647015193d6d14bd7954,5,Yes,Yes
Beginner (Students-2xWeek-15Week),Beginner — Students / Working different field,2,Pre-course,Sun 20 Sep 2026,2026-09-20,Wednesday,6,3.2,Python — Advanced functions,Python,156m49s,684fbecedceadf1bb49a7627,6,Yes,Yes
Beginner (Students-2xWeek-15Week),Beginner — Students / Working different field,2,Pre-course,Sun 27 Sep 2026,2026-09-27,Sunday,7,4.1,"Python — Data structures (lists, strings, sets, tuples, dicts)",Python,134m30s,67938e5f5c1716b998075305,7,Yes,Yes
Beginner (Students-2xWeek-15Week),Beginner — Students / Working different field,2,Pre-course,Sun 27 Sep 2026,2026-09-27,Wednesday,8,4.2,"Python — Classes, objects and constructors (OOP)",Python,149m21s,6798cb875968d8d661c53158,8,Yes,Yes
Beginner (Students-2xWeek-15Week),Beginner — Students / Working different field,2,Pre-course,Sun 04 Oct 2026,2026-10-04,Sunday,9,5.1,SQL — Introduction to SQL and databases,SQL,117m31s,67eb02aa3a4f39308727e9fb,9,Yes,Yes
Beginner (Students-2xWeek-15Week),Beginner — Students / Working different field,2,Pre-course,Sun 04 Oct 2026,2026-10-04,Wednesday,10,5.2,"SQL — Searching, filtering & power functions",SQL,109m16s,68598b79a44425acb3641210,10,Yes,Yes
Beginner (Students-2xWeek-15Week),Beginner — Students / Working different field,2,Pre-course,Sun 11 Oct 2026,2026-10-11,Sunday,11,6.1,"SQL — Aggregations: GROUP BY, HAVING, ORDER BY, LIMIT",SQL,171m04s,68342d6a907eb74ce68dd391,11,Yes,Yes
Beginner (Students-2xWeek-15Week),Beginner — Students / Working different field,2,Pre-course,Sun 11 Oct 2026,2026-10-11,Wednesday,12,6.2,SQL — Joins: connecting relational tables,SQL,179m14s,68342d6a907eb74ce68dd9de,12,Yes,Yes
Beginner (Students-2xWeek-15Week),Beginner — Students / Working different field,2,Course month 1 (2 per Sunday),Sun 25 Oct 2026,2026-10-25,Sunday,13,7.1,SQL — Subqueries,SQL,150m52s,685c366fa44425acb3cc0af4,13,No,Yes
Beginner (Students-2xWeek-15Week),Beginner — Students / Working different field,2,Course month 1 (2 per Sunday),Sun 25 Oct 2026,2026-10-25,Wednesday,14,7.2,SQL — Window functions: ranking,SQL,146m01s,685d8b8da44425acb3013e15,14,No,Yes
Beginner (Students-2xWeek-15Week),Beginner — Students / Working different field,2,Course month 1 (2 per Sunday),Sun 01 Nov 2026,2026-11-01,Sunday,15,8.1,Excel — Functions in Excel,Excel,153m26s,6845ea7d618c426169ee2dd8,15,No,Yes
Beginner (Students-2xWeek-15Week),Beginner — Students / Working different field,2,Course month 1 (2 per Sunday),Sun 01 Nov 2026,2026-11-01,Wednesday,16,8.2,"Excel — VLOOKUP, XLOOKUP & HLOOKUP",Excel,131m38s,68b7b86f5585f2fcceed0032,16,No,Yes
Beginner (Students-2xWeek-15Week),Beginner — Students / Working different field,2,Course month 1 (2 per Sunday),Sun 08 Nov 2026,2026-11-08,Sunday,17,9.1,Excel — Pivot tables and charts,Excel,131m38s,684738c2618c426169074cba,17,No,Yes
Beginner (Students-2xWeek-15Week),Beginner — Students / Working different field,2,Course month 1 (2 per Sunday),Sun 08 Nov 2026,2026-11-08,Wednesday,18,9.2,Excel — End-to-end dashboard,Excel,101m06s,684b121bdceadf1bb4805464,18,No,Yes
Beginner (Students-2xWeek-15Week),Beginner — Students / Working different field,2,Course month 1 (2 per Sunday),Sun 15 Nov 2026,2026-11-15,Sunday,19,10.1,Maths — Arithmetic essentials,Maths,145m06s,6846b22b618c42616900145e,19,No,Yes
Beginner (Students-2xWeek-15Week),Beginner — Students / Working different field,2,Course month 1 (2 per Sunday),Sun 15 Nov 2026,2026-11-15,Wednesday,20,10.2,Maths — Central tendency and dispersion,Maths,137m31s,68468868618c426169f46d3b,20,No,Yes
Beginner (Students-2xWeek-15Week),Beginner — Students / Working different field,2,After month 1 (continue 2 per Sunday),Sun 22 Nov 2026,2026-11-22,Sunday,21,11.1,"NumPy — Arrays, operations & applications",Analytics,141m02s,685306bd09d27a7b709a3c83,21,No,No
Beginner (Students-2xWeek-15Week),Beginner — Students / Working different field,2,After month 1 (continue 2 per Sunday),Sun 22 Nov 2026,2026-11-22,Wednesday,22,11.2,Pandas — Introduction (Series & DataFrames),Analytics,169m39s,6840a130b3353985f57d6caf,22,No,No
Beginner (Students-2xWeek-15Week),Beginner — Students / Working different field,2,After month 1 (continue 2 per Sunday),Sun 29 Nov 2026,2026-11-29,Sunday,23,12.1,"Pandas — Grouping, filtering, and merging",Analytics,146m28s,68507f8709d27a7b702f3c64,23,No,No
Beginner (Students-2xWeek-15Week),Beginner — Students / Working different field,2,After month 1 (continue 2 per Sunday),Sun 29 Nov 2026,2026-11-29,Wednesday,24,12.2,Data Visualization — Matplotlib & Seaborn,Analytics,175m05s,6851619c09d27a7b704f2296,24,No,No
Beginner (Students-2xWeek-15Week),Beginner — Students / Working different field,2,After month 1 (continue 2 per Sunday),Sun 06 Dec 2026,2026-12-06,Sunday,25,13.1,ML — Introduction to machine learning,ML,97m05s,6847ec2f618c426169120bf6,25,No,No
Beginner (Students-2xWeek-15Week),Beginner — Students / Working different field,2,After month 1 (continue 2 per Sunday),Sun 06 Dec 2026,2026-12-06,Wednesday,26,13.2,ML — Encoding & linear regression,ML,125m39s,684c0917dceadf1bb4852a77,26,No,No
Beginner (Students-2xWeek-15Week),Beginner — Students / Working different field,2,After month 1 (continue 2 per Sunday),Sun 13 Dec 2026,2026-12-13,Sunday,27,14.1,ML — Logistic regression,ML,131m25s,68513d8709d27a7b70442869,27,No,No
Beginner (Students-2xWeek-15Week),Beginner — Students / Working different field,2,After month 1 (continue 2 per Sunday),Sun 13 Dec 2026,2026-12-13,Wednesday,28,14.2,ML — Decision trees,ML,97m23s,685530e109d27a7b70e921c1,28,No,No
Beginner (Students-2xWeek-15Week),Beginner — Students / Working different field,2,After month 1 (continue 2 per Sunday),Sun 20 Dec 2026,2026-12-20,Sunday,29,15.1,ML — Random forest,ML,77m37s,685a96e6a44425acb388dce5,29,No,No
Beginner (Students-2xWeek-15Week),Beginner — Students / Working different field,2,After month 1 (continue 2 per Sunday),Sun 20 Dec 2026,2026-12-20,Wednesday,30,15.2,ML — K-Means clustering,ML,53m29s,685bd7c4a44425acb3b905ab,30,No,No
Beginner (Students-2xWeek-15Week),Beginner — Students / Working different field,3,Pre-course,Sun 06 Sep 2026,2026-09-06,Sunday,1,1.1,Python — Introduction to programming + Python basics,Python,95m05s,6a324afd70f9341990ad7cfb,1,Yes,Yes
Beginner (Students-2xWeek-15Week),Beginner — Students / Working different field,3,Pre-course,Sun 06 Sep 2026,2026-09-06,Tuesday,2,1.2,Python — Operators and conditional statements,Python,96m14s,6a2bf91c71a0310a05c77ddd,2,Yes,Yes
Beginner (Students-2xWeek-15Week),Beginner — Students / Working different field,3,Pre-course,Sun 06 Sep 2026,2026-09-06,Thursday,3,2.1,Python — Control flow: conditionals and loops,Python,102m35s,6a3526ea70f9341990b1a706,3,Yes,Yes
Beginner (Students-2xWeek-15Week),Beginner — Students / Working different field,3,Pre-course,Sun 13 Sep 2026,2026-09-13,Sunday,4,2.2,"Python — break, continue, and nested loops",Python,101m13s,6a3e87829cb306ef33d40829,4,Yes,Yes
Beginner (Students-2xWeek-15Week),Beginner — Students / Working different field,3,Pre-course,Sun 13 Sep 2026,2026-09-13,Tuesday,5,3.1,Python — The power of functions,Python,151m22s,67d8647015193d6d14bd7954,5,Yes,Yes
Beginner (Students-2xWeek-15Week),Beginner — Students / Working different field,3,Pre-course,Sun 13 Sep 2026,2026-09-13,Thursday,6,3.2,Python — Advanced functions,Python,156m49s,684fbecedceadf1bb49a7627,6,Yes,Yes
Beginner (Students-2xWeek-15Week),Beginner — Students / Working different field,3,Pre-course,Sun 20 Sep 2026,2026-09-20,Sunday,7,4.1,"Python — Data structures (lists, strings, sets, tuples, dicts)",Python,134m30s,67938e5f5c1716b998075305,7,Yes,Yes
Beginner (Students-2xWeek-15Week),Beginner — Students / Working different field,3,Pre-course,Sun 20 Sep 2026,2026-09-20,Tuesday,8,4.2,"Python — Classes, objects and constructors (OOP)",Python,149m21s,6798cb875968d8d661c53158,8,Yes,Yes
Beginner (Students-2xWeek-15Week),Beginner — Students / Working different field,3,Pre-course,Sun 20 Sep 2026,2026-09-20,Thursday,9,5.1,SQL — Introduction to SQL and databases,SQL,117m31s,67eb02aa3a4f39308727e9fb,9,Yes,Yes
Beginner (Students-2xWeek-15Week),Beginner — Students / Working different field,3,Pre-course,Sun 27 Sep 2026,2026-09-27,Sunday,10,5.2,"SQL — Searching, filtering & power functions",SQL,109m16s,68598b79a44425acb3641210,10,Yes,Yes
Beginner (Students-2xWeek-15Week),Beginner — Students / Working different field,3,Pre-course,Sun 27 Sep 2026,2026-09-27,Tuesday,11,6.1,"SQL — Aggregations: GROUP BY, HAVING, ORDER BY, LIMIT",SQL,171m04s,68342d6a907eb74ce68dd391,11,Yes,Yes
Beginner (Students-2xWeek-15Week),Beginner — Students / Working different field,3,Pre-course,Sun 27 Sep 2026,2026-09-27,Thursday,12,6.2,SQL — Joins: connecting relational tables,SQL,179m14s,68342d6a907eb74ce68dd9de,12,Yes,Yes
Beginner (Students-2xWeek-15Week),Beginner — Students / Working different field,3,Pre-course,Sun 04 Oct 2026,2026-10-04,Sunday,13,7.1,SQL — Subqueries,SQL,150m52s,685c366fa44425acb3cc0af4,13,Yes,Yes
Beginner (Students-2xWeek-15Week),Beginner — Students / Working different field,3,Pre-course,Sun 04 Oct 2026,2026-10-04,Tuesday,14,7.2,SQL — Window functions: ranking,SQL,146m01s,685d8b8da44425acb3013e15,14,Yes,Yes
Beginner (Students-2xWeek-15Week),Beginner — Students / Working different field,3,Pre-course,Sun 04 Oct 2026,2026-10-04,Thursday,15,8.1,Excel — Functions in Excel,Excel,153m26s,6845ea7d618c426169ee2dd8,15,Yes,Yes
Beginner (Students-2xWeek-15Week),Beginner — Students / Working different field,3,Pre-course,Sun 11 Oct 2026,2026-10-11,Sunday,16,8.2,"Excel — VLOOKUP, XLOOKUP & HLOOKUP",Excel,131m38s,68b7b86f5585f2fcceed0032,16,Yes,Yes
Beginner (Students-2xWeek-15Week),Beginner — Students / Working different field,3,Pre-course,Sun 11 Oct 2026,2026-10-11,Tuesday,17,9.1,Excel — Pivot tables and charts,Excel,131m38s,684738c2618c426169074cba,17,Yes,Yes
Beginner (Students-2xWeek-15Week),Beginner — Students / Working different field,3,Pre-course,Sun 11 Oct 2026,2026-10-11,Thursday,18,9.2,Excel — End-to-end dashboard,Excel,101m06s,684b121bdceadf1bb4805464,18,Yes,Yes
Beginner (Students-2xWeek-15Week),Beginner — Students / Working different field,3,Course month 1 (2 per Sunday),Sun 25 Oct 2026,2026-10-25,Sunday,19,10.1,Maths — Arithmetic essentials,Maths,145m06s,6846b22b618c42616900145e,19,No,Yes
Beginner (Students-2xWeek-15Week),Beginner — Students / Working different field,3,Course month 1 (2 per Sunday),Sun 25 Oct 2026,2026-10-25,Wednesday,20,10.2,Maths — Central tendency and dispersion,Maths,137m31s,68468868618c426169f46d3b,20,No,Yes
Beginner (Students-2xWeek-15Week),Beginner — Students / Working different field,3,Course month 1 (2 per Sunday),Sun 01 Nov 2026,2026-11-01,Sunday,21,11.1,"NumPy — Arrays, operations & applications",Analytics,141m02s,685306bd09d27a7b709a3c83,21,No,Yes
Beginner (Students-2xWeek-15Week),Beginner — Students / Working different field,3,Course month 1 (2 per Sunday),Sun 01 Nov 2026,2026-11-01,Wednesday,22,11.2,Pandas — Introduction (Series & DataFrames),Analytics,169m39s,6840a130b3353985f57d6caf,22,No,Yes
Beginner (Students-2xWeek-15Week),Beginner — Students / Working different field,3,Course month 1 (2 per Sunday),Sun 08 Nov 2026,2026-11-08,Sunday,23,12.1,"Pandas — Grouping, filtering, and merging",Analytics,146m28s,68507f8709d27a7b702f3c64,23,No,Yes
Beginner (Students-2xWeek-15Week),Beginner — Students / Working different field,3,Course month 1 (2 per Sunday),Sun 08 Nov 2026,2026-11-08,Wednesday,24,12.2,Data Visualization — Matplotlib & Seaborn,Analytics,175m05s,6851619c09d27a7b704f2296,24,No,Yes
Beginner (Students-2xWeek-15Week),Beginner — Students / Working different field,3,Course month 1 (2 per Sunday),Sun 15 Nov 2026,2026-11-15,Sunday,25,13.1,ML — Introduction to machine learning,ML,97m05s,6847ec2f618c426169120bf6,25,No,Yes
Beginner (Students-2xWeek-15Week),Beginner — Students / Working different field,3,Course month 1 (2 per Sunday),Sun 15 Nov 2026,2026-11-15,Wednesday,26,13.2,ML — Encoding & linear regression,ML,125m39s,684c0917dceadf1bb4852a77,26,No,Yes
Beginner (Students-2xWeek-15Week),Beginner — Students / Working different field,3,After month 1 (continue 2 per Sunday),Sun 22 Nov 2026,2026-11-22,Sunday,27,14.1,ML — Logistic regression,ML,131m25s,68513d8709d27a7b70442869,27,No,No
Beginner (Students-2xWeek-15Week),Beginner — Students / Working different field,3,After month 1 (continue 2 per Sunday),Sun 22 Nov 2026,2026-11-22,Wednesday,28,14.2,ML — Decision trees,ML,97m23s,685530e109d27a7b70e921c1,28,No,No
Beginner (Students-2xWeek-15Week),Beginner — Students / Working different field,3,After month 1 (continue 2 per Sunday),Sun 29 Nov 2026,2026-11-29,Sunday,29,15.1,ML — Random forest,ML,77m37s,685a96e6a44425acb388dce5,29,No,No
Beginner (Students-2xWeek-15Week),Beginner — Students / Working different field,3,After month 1 (continue 2 per Sunday),Sun 29 Nov 2026,2026-11-29,Wednesday,30,15.2,ML — K-Means clustering,ML,53m29s,685bd7c4a44425acb3b905ab,30,No,No
