Model,Batch Name,Total Students,Enrolled <30 Days (Count),Enrolled <30 Days (%),Enrolled 30-60 Days (Count),Enrolled 30-60 Days (%),Enrolled 60-90 Days (Count),Enrolled 60-90 Days (%),Enrolled 90+ Days (Count),Enrolled 90+ Days (%),Paid After Start Date (Count),Paid After Start Date (%)
Model-2,BITSoM-AIPM-EN-I-2607,10,2,20.00%,3,30.00%,5,50.00%,0,0.00%,0,0.00%
Model-2,BITSoM-BA-2603,478,272,56.90%,65,13.60%,82,17.15%,29,6.07%,30,6.28%
Model-2,BITSoM-BA-EN-IV-2609,290,29,10.00%,109,37.59%,103,35.52%,49,16.90%,0,0.00%
Model-2,BITSoM-DM-2510,84,54,64.29%,2,2.38%,0,0.00%,0,0.00%,28,33.33%
Model-2,BITSoM-FTAI-2601,95,39,41.05%,40,42.11%,0,0.00%,0,0.00%,16,16.84%
Model-2,BITSoM-LDM-2604,1,0,0.00%,0,0.00%,0,0.00%,1,100.00%,0,0.00%
Model-2,BITSoM-PM-2601,826,280,33.90%,127,15.38%,46,5.57%,110,13.32%,263,31.84%
Model-2,BITSoM-PM-2606,328,80,24.39%,12,3.66%,89,27.13%,141,42.99%,6,1.83%
Model-2,BITSoM-PM-EN-V-2611,35,0,0.00%,0,0.00%,0,0.00%,34,97.14%,1,2.86%
Model-3B,FDN-Data-MA-2608,1,1,100.00%,0,0.00%,0,0.00%,0,0.00%,0,0.00%
Model-3B,FDN-Data-TE-2607,2,0,0.00%,0,0.00%,2,100.00%,0,0.00%,0,0.00%
Model-2,FITT-EN-2604,24,6,25.00%,18,75.00%,0,0.00%,0,0.00%,0,0.00%
Model-1A,IIMM-AIBI-2602,183,58,31.69%,38,20.77%,0,0.00%,0,0.00%,87,47.54%
Model-1B,IIMMDM-2503,216,19,8.80%,125,57.87%,1,0.46%,0,0.00%,71,32.87%
Model-1B,IIMMDM-2505,92,78,84.78%,0,0.00%,0,0.00%,1,1.09%,13,14.13%
Model-1B,IIMM-DM-2602,397,247,62.22%,145,36.52%,0,0.00%,0,0.00%,5,1.26%
Model-1B,IIMRC-BA-2604,158,74,46.84%,84,53.16%,0,0.00%,0,0.00%,0,0.00%
Model-1B,IIMRC-BAAI-II-2607,135,27,20.00%,25,18.52%,11,8.15%,65,48.15%,7,5.19%
Model-1B,IIMRC-BA-EN-III-2609,105,25,23.81%,67,63.81%,7,6.67%,0,0.00%,6,5.71%
Model-1B,IIMRC-DM-2605,143,42,29.37%,45,31.47%,39,27.27%,4,2.80%,13,9.09%
Model-1B,IIMRC-DM-EN-II-2607,116,61,52.59%,35,30.17%,2,1.72%,2,1.72%,16,13.79%
Model-1B,IIMRC-DM-EN-III-2610,19,0,0.00%,0,0.00%,14,73.68%,5,26.32%,0,0.00%
Model-1B,IIMRC-PM-EN-I-2606,32,23,71.88%,4,12.50%,0,0.00%,5,15.63%,0,0.00%
Model-1B,IIMRC-PMR-EN-I-2607,1,0,0.00%,1,100.00%,0,0.00%,0,0.00%,0,0.00%
Model-1B,IIMROH-DMAI-2603,75,28,37.33%,24,32.00%,20,26.67%,1,1.33%,2,2.67%
Model-1B,IIMROH-DM-EN-II-2608,2,0,0.00%,1,50.00%,0,0.00%,1,50.00%,0,0.00%
Model-1B,IIMROH-PMGM-2603,179,89,49.72%,53,29.61%,29,16.20%,0,0.00%,8,4.47%
Model-1A,IIMSDM-2505,122,76,62.30%,5,4.10%,1,0.82%,0,0.00%,40,32.79%
Model-1A,IIMSI-DM-2511,55,34,61.82%,4,7.27%,0,0.00%,0,0.00%,17,30.91%
Model-1A,IIMSI-DM-2605,2,0,0.00%,0,0.00%,2,100.00%,0,0.00%,0,0.00%
Model-1A,IIMSI-EDGE-2511,3,1,33.33%,0,0.00%,0,0.00%,0,0.00%,2,66.67%
Model-1B,IIMT-FTAI-2602,37,30,81.08%,5,13.51%,0,0.00%,0,0.00%,2,5.41%
Model-1B,IIMT-PM-2601,33,16,48.48%,5,15.15%,3,9.09%,0,0.00%,9,27.27%
Model-1B,IIMT-PM-2604,27,11,40.74%,8,29.63%,0,0.00%,0,0.00%,8,29.63%
Model-1B,IIMT-PMAAI-EN-V-2611,56,0,0.00%,1,1.79%,12,21.43%,43,76.79%,0,0.00%
Model-1B,IIMT-PMAI-EN-IV-2610,54,0,0.00%,2,3.70%,48,88.89%,4,7.41%,0,0.00%
,IITB-FTDE-EN-I-2609,1,0,0.00%,1,100.00%,0,0.00%,0,0.00%,0,0.00%
Model-2,IITG-AIML-2503,785,445,56.69%,88,11.21%,10,1.27%,37,4.71%,205,26.11%
Model-2,IITGDS-2501,423,37,8.75%,9,2.13%,2,0.47%,48,11.35%,327,77.30%
Model-2,IITGDS-250120,1225,2,0.16%,0,0.00%,0,0.00%,0,0.00%,1223,99.84%
Model-2,IITGDS-2505,149,50,33.56%,22,14.77%,26,17.45%,8,5.37%,43,28.86%
Model-3A,IITH-AIML-2510,306,0,0.00%,28,9.15%,145,47.39%,25,8.17%,108,35.29%
Model-3A,IITH-AIMLX-EN-II-2607,158,98,62.03%,45,28.48%,15,9.49%,0,0.00%,0,0.00%
Model-1A,IITMD-AIML-EN-I-2607,119,26,21.85%,30,25.21%,61,51.26%,1,0.84%,1,0.84%
Model-1A,IITMD-AIMLR-EN-I-2605,216,207,95.83%,0,0.00%,0,0.00%,0,0.00%,9,4.17%
Model-1A,IITMD-AIMLR-EN-II-2606,100,74,74.00%,13,13.00%,0,0.00%,0,0.00%,13,13.00%
Model-1A,IITMD-BA-2502,77,1,1.30%,0,0.00%,1,1.30%,12,15.58%,63,81.82%
Model-1A,IITMDCSE-2501,152,2,1.32%,0,0.00%,0,0.00%,11,7.24%,139,91.45%
Model-1A,IITMD-CYB-2502,50,12,24.00%,1,2.00%,0,0.00%,21,42.00%,16,32.00%
Model-1A,IITMDDSAI-2505,24,5,20.83%,0,0.00%,0,0.00%,5,20.83%,14,58.33%
Model-3B,IITMD-DSAI-2512,404,292,72.28%,28,6.93%,1,0.25%,60,14.85%,23,5.69%
Model-1A,IITMD-DSR-EN-I-2605,7,6,85.71%,0,0.00%,0,0.00%,0,0.00%,1,14.29%
Model-1A,IITMDES-2503,11,7,63.64%,0,0.00%,0,0.00%,0,0.00%,4,36.36%
,IITP-AAGI-EN-I-2611,1,0,0.00%,0,0.00%,1,100.00%,0,0.00%,0,0.00%
Model-3A,IITP-AAIPX-LP-2608,231,133,57.58%,89,38.53%,6,2.60%,0,0.00%,3,1.30%
Model-3A,IITP-AAIPX-LP-II-2610,76,0,0.00%,0,0.00%,76,100.00%,0,0.00%,0,0.00%
,IITP-AIAG-TA-I-2610,1,0,0.00%,0,0.00%,1,100.00%,0,0.00%,0,0.00%
,IITP-AIDA-EN-III-2610,0,0,,0,,0,,0,,0,
,IITP-AIDA-TA-III-2611,14,0,0.00%,0,0.00%,0,0.00%,14,100.00%,0,0.00%
Model-3A,IITP-AIML-2601,14,9,64.29%,0,0.00%,0,0.00%,0,0.00%,5,35.71%
Model-3A,IITP-AIML-2601B,136,49,36.03%,21,15.44%,54,39.71%,0,0.00%,12,8.82%
Model-3A,IITP-AIML-2604,454,85,18.72%,256,56.39%,75,16.52%,29,6.39%,9,1.98%
Model-3A,IITP-AIML-EN-IV-2607,180,24,13.33%,36,20.00%,33,18.33%,87,48.33%,0,0.00%
Model-3A,IITP-AIMLH-2602,149,62,41.61%,35,23.49%,0,0.00%,0,0.00%,52,34.90%
Model-3A,IITP-AIMLH-2605,47,5,10.64%,14,29.79%,13,27.66%,15,31.91%,0,0.00%
Model-3A,IITP-AIML-KA-I-2608,65,17,26.15%,5,7.69%,30,46.15%,13,20.00%,0,0.00%
Model-3A,IITP-AIMLM-2602,233,121,51.93%,51,21.89%,33,14.16%,0,0.00%,28,12.02%
Model-3A,IITP-AIML-MR-I-2608,13,8,61.54%,0,0.00%,2,15.38%,3,23.08%,0,0.00%
Model-3A,IITP-AIMLPX-ADV-2608,230,102,44.35%,112,48.70%,16,6.96%,0,0.00%,0,0.00%
Model-3A,IITP-AIMLPX-ADV-II-2610,98,9,9.18%,0,0.00%,79,80.61%,0,0.00%,10,10.20%
Model-3A,IITP-AIMLPX-APP-2608,5,1,20.00%,2,40.00%,2,40.00%,0,0.00%,0,0.00%
Model-3A,IITP-AIMLPX-SPL-2608,9,2,22.22%,4,44.44%,3,33.33%,0,0.00%,0,0.00%
Model-3A,IITP-AIMLSF-2601,118,7,5.93%,11,9.32%,0,0.00%,94,79.66%,6,5.08%
Model-3A,IITP-AIMLT-2601,1357,592,43.63%,445,32.79%,3,0.22%,0,0.00%,317,23.36%
Model-3A,IITP-AIMLT-2603,1564,512,32.74%,863,55.18%,120,7.67%,0,0.00%,69,4.41%
Model-3A,IITP-AIMLT-2606,676,125,18.49%,86,12.72%,237,35.06%,228,33.73%,0,0.00%
Model-3A,IITP-AIML-TA-II-2607,648,230,35.49%,255,39.35%,130,20.06%,31,4.78%,2,0.31%
Model-3A,IITP-AIML-TA-III-2610,185,0,0.00%,104,56.22%,80,43.24%,1,0.54%,0,0.00%
Model-3A,IITP-AIML-TE-IV-2609,402,26,6.47%,137,34.08%,228,56.72%,11,2.74%,0,0.00%
Model-3A,IITP-AIMLTN-2602,627,262,41.79%,165,26.32%,57,9.09%,0,0.00%,143,22.81%
Model-3A,IITP-AIMLTN-2605,1134,23,2.03%,408,35.98%,580,51.15%,123,10.85%,0,0.00%
,IITP-AIO-EN-I-2610,4,0,0.00%,1,25.00%,3,75.00%,0,0.00%,0,0.00%
Model-3A,IITP-BSAI-TA-I-2608,28,4,14.29%,3,10.71%,20,71.43%,0,0.00%,1,3.57%
Model-3A,IITP-BSAI-TE-I-2608,9,2,22.22%,3,33.33%,4,44.44%,0,0.00%,0,0.00%
Model-3A,IITP-DA-2601,46,17,36.96%,21,45.65%,0,0.00%,0,0.00%,8,17.39%
Model-3A,IITP-DA-2604,3,0,0.00%,0,0.00%,2,66.67%,0,0.00%,1,33.33%
Model-3A,IITP-GAIPX-ACC-2608,188,81,43.09%,94,50.00%,9,4.79%,2,1.06%,2,1.06%
Model-3A,IITP-GAIPX-ACC-II-2610,52,0,0.00%,0,0.00%,52,100.00%,0,0.00%,0,0.00%
Model-3A,IITP-GAIPX-TESS-2608,134,113,84.33%,20,14.93%,0,0.00%,0,0.00%,1,0.75%
Model-3A,IITP-GAIPX-TESS-II-2610,53,0,0.00%,0,0.00%,53,100.00%,0,0.00%,0,0.00%
Model-3A,IITP-GenAI-HIEN-I-2606,9,0,0.00%,0,0.00%,5,55.56%,4,44.44%,0,0.00%
Model-3A,IITP-GenAI-TA-I2606,73,12,16.44%,10,13.70%,13,17.81%,38,52.05%,0,0.00%
Model-3A,IITP-GenAI-TA-II-2610,1,0,0.00%,0,0.00%,1,100.00%,0,0.00%,0,0.00%
Model-3A,IITP-GenAI-TE-I-2608,38,16,42.11%,6,15.79%,4,10.53%,12,31.58%,0,0.00%
,IITP-GenAI-TE-II-2611,2,0,0.00%,0,0.00%,0,0.00%,2,100.00%,0,0.00%
Model-3A,IITP-PM-2512,6,0,0.00%,2,33.33%,0,0.00%,3,50.00%,1,16.67%
Model-3A,IITP-PM-2603,11,5,45.45%,1,9.09%,0,0.00%,0,0.00%,5,45.45%
,IITP-PME-EN-II-2611,0,0,,0,,0,,0,,0,
Model-3A,IITP-SDAI-2602,713,444,62.27%,269,37.73%,0,0.00%,0,0.00%,0,0.00%
Model-3A,IITP-SDAI-2606,96,2,2.08%,13,13.54%,39,40.63%,26,27.08%,16,16.67%
Model-3A,IITP-SDAIHIN-2602,188,119,63.30%,65,34.57%,4,2.13%,0,0.00%,0,0.00%
Model-3A,IITP-SDAIHIN-2606,0,0,,0,,0,,0,,0,
Model-3A,IITP-SDAIMAR-2603,1,0,0.00%,1,100.00%,0,0.00%,0,0.00%,0,0.00%
Model-3A,IITP-SDAITAM-2602,114,53,46.49%,56,49.12%,3,2.63%,0,0.00%,2,1.75%
Model-3A,IITP-SDAITEL-2602,7,4,57.14%,3,42.86%,0,0.00%,0,0.00%,0,0.00%
Model-3A,IITP-WE-AIML-EN-I-2607,39,13,33.33%,8,20.51%,14,35.90%,0,0.00%,4,10.26%
Model-3A,IITR-AAI-TA-II-2607,9,0,0.00%,0,0.00%,7,77.78%,0,0.00%,2,22.22%
Model-3A,IITR-AAI-TE-II-2607,2,2,100.00%,0,0.00%,0,0.00%,0,0.00%,0,0.00%
Model-3A,IITR-AIML-TA-I-2606,238,3,1.26%,19,7.98%,11,4.62%,205,86.13%,0,0.00%
Model-3A,IITR-AIML-TE-I-2606,546,3,0.55%,11,2.01%,17,3.11%,515,94.32%,0,0.00%
Model-3A,IITR-AS-2601,87,23,26.44%,35,40.23%,2,2.30%,0,0.00%,27,31.03%
Model-3A,IITR-AS-2603,85,10,11.76%,71,83.53%,1,1.18%,2,2.35%,1,1.18%
Model-3A,IITR-AS-260313,266,55,20.68%,190,71.43%,13,4.89%,1,0.38%,7,2.63%
Model-3A,IITR-AS-260709,4,0,0.00%,0,0.00%,0,0.00%,0,0.00%,4,100.00%
Model-3A,IITR-CYB-2510,14,12,85.71%,0,0.00%,0,0.00%,0,0.00%,2,14.29%
Model-2,IITREICT-AIML-2604,687,231,33.62%,388,56.48%,51,7.42%,10,1.46%,7,1.02%
Model-2,IITREICT-AIML-EN-II-2608,654,123,18.81%,289,44.19%,87,13.30%,155,23.70%,0,0.00%
Model-2,IITREICT-DA-2604,246,69,28.05%,149,60.57%,18,7.32%,0,0.00%,10,4.07%
Model-2,IITREICT-DAAI-EN-II-2607,166,70,42.17%,67,40.36%,24,14.46%,4,2.41%,1,0.60%
Model-2,IITREICT-DAAI-EN-III-2610,35,0,0.00%,5,14.29%,30,85.71%,0,0.00%,0,0.00%
Model-2,IITREICT-DSAI-2603,944,426,45.13%,391,41.42%,116,12.29%,10,1.06%,1,0.11%
Model-2,IITREICT-DSAI-2605,618,47,7.61%,431,69.74%,129,20.87%,5,0.81%,6,0.97%
Model-2,IITREICT-DSAI-EN-III-2609,270,25,9.26%,110,40.74%,84,31.11%,51,18.89%,0,0.00%
Model-2,IITREICT-PMAIHIN-2601,25,12,48.00%,0,0.00%,0,0.00%,0,0.00%,13,52.00%
Model-2,IITREICT-SE-2603,154,90,58.44%,54,35.06%,4,2.60%,1,0.65%,5,3.25%
Model-2,IITREICT-SE-EN-II-2606,54,19,35.19%,6,11.11%,16,29.63%,8,14.81%,5,9.26%
Model-3A,IITRPF-AAIH-2604,15,0,0.00%,5,33.33%,10,66.67%,0,0.00%,0,0.00%
Model-3A,IITRPF-AAIK-2604,39,0,0.00%,39,100.00%,0,0.00%,0,0.00%,0,0.00%
Model-3A,IITRPF-AAIT-2604,604,0,0.00%,27,4.47%,64,10.60%,513,84.93%,0,0.00%
Model-3A,IITRPF-AAITN-2604,375,0,0.00%,48,12.80%,103,27.47%,224,59.73%,0,0.00%
Model-3A,IITR-PM-2512,162,81,50.00%,0,0.00%,0,0.00%,0,0.00%,81,50.00%
Model-3A,IITR-PM-2603,292,119,40.75%,132,45.21%,29,9.93%,2,0.68%,10,3.42%
Model-3A,IITR-PMAI-EN-IV-2607,169,31,18.34%,80,47.34%,41,24.26%,17,10.06%,0,0.00%
Model-3A,IITR-PMAI-EN-V-2609,53,0,0.00%,12,22.64%,41,77.36%,0,0.00%,0,0.00%
Model-1B,IITRPRAI-2409,5,2,40.00%,2,40.00%,0,0.00%,1,20.00%,0,0.00%
Model-1B,IITRPRAI-2501,768,1,0.13%,5,0.65%,7,0.91%,226,29.43%,529,68.88%
Model-2,IMTG-M-EN-I-2607,1,0,0.00%,0,0.00%,1,100.00%,0,0.00%,0,0.00%
Model-3A,MITIDSS-ML-2603,91,79,86.81%,0,0.00%,2,2.20%,0,0.00%,10,10.99%
Model-3A,PWC-CYB-2511,2,2,100.00%,0,0.00%,0,0.00%,0,0.00%,0,0.00%
Model-3A,PWC-FT-2604,5,0,0.00%,1,20.00%,1,20.00%,3,60.00%,0,0.00%
Model-3A,ROTMAN-DDM-2603,26,1,3.85%,7,26.92%,4,15.38%,14,53.85%,0,0.00%
Model-3A,Rotman-DDM-EN-II-2605,1,1,100.00%,0,0.00%,0,0.00%,0,0.00%,0,0.00%
Model-2,SPJIMR-FA-EN-I-2609,4,0,0.00%,2,50.00%,2,50.00%,0,0.00%,0,0.00%
Model-3A,WE-DA-EN-2606,144,70,48.61%,63,43.75%,5,3.47%,0,0.00%,6,4.17%
Model-3A,WE-DA-EN-II-2608,84,28,33.33%,43,51.19%,9,10.71%,4,4.76%,0,0.00%
Model-3A,WE-DA-KA-2607,1,0,0.00%,0,0.00%,1,100.00%,0,0.00%,0,0.00%
,WE-DA-KA-II-2610,3,0,0.00%,0,0.00%,2,66.67%,1,33.33%,0,0.00%
Model-3A,WE-DA-TA-2606,93,59,63.44%,29,31.18%,2,2.15%,0,0.00%,3,3.23%
Model-3A,WE-DA-TA-II-2608,147,41,27.89%,80,54.42%,26,17.69%,0,0.00%,0,0.00%
Model-3A,WE-DA-TE-2606,12,1,8.33%,0,0.00%,11,91.67%,0,0.00%,0,0.00%
Model-3A,WE-DA-TE-II-2609,168,56,33.33%,100,59.52%,12,7.14%,0,0.00%,0,0.00%
Model-3A,WE-DM-EN-2607,55,7,12.73%,41,74.55%,7,12.73%,0,0.00%,0,0.00%
Model-3A,WE-PM-EN-2607,42,15,35.71%,26,61.90%,1,2.38%,0,0.00%,0,0.00%
