Week,Session Number,Session Title,Domain,Persona,Plan,Title from Dump,Dump Session ID,Part Number,Part Name,Part Duration,Part Duration Sec,Video Link,Content Fit,Source,Dump Data Warning,Recording Needed
1,1.1,Python mid — The power of functions,Python,Working — Same / Relevant Field,Working Same/Relevant Field · 2 sessions/week · 12-week milestone,PTBAM01S1_2512_S03: The Power of Python Functions,67d8647015193d6d14bd7954,1,New Scene,37m28s,2247.55,https://cdn.masaischool.com/sal-videos/676e9013631470e143da5fac/676e8dc299aa18a0c2743938/master.m3u8,PASS — Python,Topics[:src] of Dump Session ID only,,
1,1.1,Python mid — The power of functions,Python,Working — Same / Relevant Field,Working Same/Relevant Field · 2 sessions/week · 12-week milestone,PTBAM01S1_2512_S03: The Power of Python Functions,67d8647015193d6d14bd7954,2,New Scene,8m42s,522.08,https://cdn.masaischool.com/sal-videos/676e9013631470e143da5fac/676e8de0f936951f1cb65f17/master.m3u8,PASS — Python,Topics[:src] of Dump Session ID only,,
1,1.1,Python mid — The power of functions,Python,Working — Same / Relevant Field,Working Same/Relevant Field · 2 sessions/week · 12-week milestone,PTBAM01S1_2512_S03: The Power of Python Functions,67d8647015193d6d14bd7954,3,New Scene,5m45s,344.75,https://cdn.masaischool.com/sal-videos/676e9013631470e143da5fac/676e8f0799aa18a0c27449bb/master.m3u8,PASS — Python,Topics[:src] of Dump Session ID only,,
1,1.1,Python mid — The power of functions,Python,Working — Same / Relevant Field,Working Same/Relevant Field · 2 sessions/week · 12-week milestone,PTBAM01S1_2512_S03: The Power of Python Functions,67d8647015193d6d14bd7954,4,New Scene,37m47s,2266.68,https://cdn.masaischool.com/sal-videos/676e9013631470e143da5fac/676e8e1599aa18a0c2743caf/master.m3u8,PASS — Python,Topics[:src] of Dump Session ID only,,
1,1.1,Python mid — The power of functions,Python,Working — Same / Relevant Field,Working Same/Relevant Field · 2 sessions/week · 12-week milestone,PTBAM01S1_2512_S03: The Power of Python Functions,67d8647015193d6d14bd7954,5,New Scene,18m43s,1123.28,https://cdn.masaischool.com/sal-videos/676e9013631470e143da5fac/676e8e0199aa18a0c2743bf9/master.m3u8,PASS — Python,Topics[:src] of Dump Session ID only,,
1,1.1,Python mid — The power of functions,Python,Working — Same / Relevant Field,Working Same/Relevant Field · 2 sessions/week · 12-week milestone,PTBAM01S1_2512_S03: The Power of Python Functions,67d8647015193d6d14bd7954,6,New Scene,24m44s,1484.28,https://cdn.masaischool.com/sal-videos/676e9013631470e143da5fac/676e8e46f936951f1cb66352/master.m3u8,PASS — Python,Topics[:src] of Dump Session ID only,,
1,1.1,Python mid — The power of functions,Python,Working — Same / Relevant Field,Working Same/Relevant Field · 2 sessions/week · 12-week milestone,PTBAM01S1_2512_S03: The Power of Python Functions,67d8647015193d6d14bd7954,7,New Scene,18m14s,1093.82,https://cdn.masaischool.com/sal-videos/676e9013631470e143da5fac/676e8e65f936951f1cb664a4/master.m3u8,PASS — Python,Topics[:src] of Dump Session ID only,,
1,1.2,Python mid — Advanced functions,Python,Working — Same / Relevant Field,Working Same/Relevant Field · 2 sessions/week · 12-week milestone,CC_Block_02_S01: Advanced Python Functions,684fbecedceadf1bb49a7627,1,New Scene,41m53s,2512.75,https://cdn.masaischool.com/sal-videos/676edd0c631470e143e02dbe/676ed5804ee6c592aacf519f/master.m3u8,PASS — Python,Topics[:src] of Dump Session ID only,,
1,1.2,Python mid — Advanced functions,Python,Working — Same / Relevant Field,Working Same/Relevant Field · 2 sessions/week · 12-week milestone,CC_Block_02_S01: Advanced Python Functions,684fbecedceadf1bb49a7627,2,New Scene,20m18s,1218.15,https://cdn.masaischool.com/sal-videos/676edd0c631470e143e02dbe/676ed5a199aa18a0c27639cf/master.m3u8,PASS — Python,Topics[:src] of Dump Session ID only,,
1,1.2,Python mid — Advanced functions,Python,Working — Same / Relevant Field,Working Same/Relevant Field · 2 sessions/week · 12-week milestone,CC_Block_02_S01: Advanced Python Functions,684fbecedceadf1bb49a7627,3,New Scene,6m04s,364.28,https://cdn.masaischool.com/sal-videos/676edd0c631470e143e02dbe/676ed6694ee6c592aacf582e/master.m3u8,PASS — Python,Topics[:src] of Dump Session ID only,,
1,1.2,Python mid — Advanced functions,Python,Working — Same / Relevant Field,Working Same/Relevant Field · 2 sessions/week · 12-week milestone,CC_Block_02_S01: Advanced Python Functions,684fbecedceadf1bb49a7627,4,New Scene,28m42s,1722.02,https://cdn.masaischool.com/sal-videos/676edd0c631470e143e02dbe/676ed5c34ee6c592aacf5396/master.m3u8,PASS — Python,Topics[:src] of Dump Session ID only,,
1,1.2,Python mid — Advanced functions,Python,Working — Same / Relevant Field,Working Same/Relevant Field · 2 sessions/week · 12-week milestone,CC_Block_02_S01: Advanced Python Functions,684fbecedceadf1bb49a7627,5,New Scene,18m22s,1102.08,https://cdn.masaischool.com/sal-videos/676edd0c631470e143e02dbe/676ed5e499aa18a0c2763c17/master.m3u8,PASS — Python,Topics[:src] of Dump Session ID only,,
1,1.2,Python mid — Advanced functions,Python,Working — Same / Relevant Field,Working Same/Relevant Field · 2 sessions/week · 12-week milestone,CC_Block_02_S01: Advanced Python Functions,684fbecedceadf1bb49a7627,6,New Scene,24m13s,1453.42,https://cdn.masaischool.com/sal-videos/676edd0c631470e143e02dbe/676ed6004ee6c592aacf554f/master.m3u8,PASS — Python,Topics[:src] of Dump Session ID only,,
1,1.2,Python mid — Advanced functions,Python,Working — Same / Relevant Field,Working Same/Relevant Field · 2 sessions/week · 12-week milestone,CC_Block_02_S01: Advanced Python Functions,684fbecedceadf1bb49a7627,7,New Scene,17m16s,1035.95,https://cdn.masaischool.com/sal-videos/676edd0c631470e143e02dbe/676ed625f936951f1cb85d5d/master.m3u8,PASS — Python,Topics[:src] of Dump Session ID only,,
2,2.1,Python mid — Data structures,Python,Working — Same / Relevant Field,Working Same/Relevant Field · 2 sessions/week · 12-week milestone,PTBAM00S1_2504_S05: Data Structures in Python,67938e5f5c1716b998075305,1,Lists - Concept,29m26s,1765.5,https://cdn.masaischool.com/sal-videos/675c348086fcca88cd71aaed/675c31834b1ce9ca6c96d235/master.m3u8,PASS — Python,Topics[:src] of Dump Session ID only,,
2,2.1,Python mid — Data structures,Python,Working — Same / Relevant Field,Working Same/Relevant Field · 2 sessions/week · 12-week milestone,PTBAM00S1_2504_S05: Data Structures in Python,67938e5f5c1716b998075305,2,Lists - Revision,5m34s,334.27,https://cdn.masaischool.com/sal-videos/675c348086fcca88cd71aaed/675c322875669f4edaec6d0a/master.m3u8,PASS — Python,Topics[:src] of Dump Session ID only,,
2,2.1,Python mid — Data structures,Python,Working — Same / Relevant Field,Working Same/Relevant Field · 2 sessions/week · 12-week milestone,PTBAM00S1_2504_S05: Data Structures in Python,67938e5f5c1716b998075305,3,IA Discussion,2m51s,171.0,https://cdn.masaischool.com/sal-videos/675c348086fcca88cd71aaed/675c32c575669f4edaec731b/master.m3u8,PASS — Python,Topics[:src] of Dump Session ID only,,
2,2.1,Python mid — Data structures,Python,Working — Same / Relevant Field,Working Same/Relevant Field · 2 sessions/week · 12-week milestone,PTBAM00S1_2504_S05: Data Structures in Python,67938e5f5c1716b998075305,4,Strings - Concept,13m53s,833.03,https://cdn.masaischool.com/sal-videos/675c348086fcca88cd71aaed/675c32614b1ce9ca6c96dc23/master.m3u8,PASS — Python,Topics[:src] of Dump Session ID only,,
2,2.1,Python mid — Data structures,Python,Working — Same / Relevant Field,Working Same/Relevant Field · 2 sessions/week · 12-week milestone,PTBAM00S1_2504_S05: Data Structures in Python,67938e5f5c1716b998075305,5,Strings - Revision,5m02s,302.47,https://cdn.masaischool.com/sal-videos/675c348086fcca88cd71aaed/675c329075669f4edaec703d/master.m3u8,PASS — Python,Topics[:src] of Dump Session ID only,,
2,2.1,Python mid — Data structures,Python,Working — Same / Relevant Field,Working Same/Relevant Field · 2 sessions/week · 12-week milestone,PTBAM00S1_2504_S05: Data Structures in Python,67938e5f5c1716b998075305,6,Set and Tuples,38m37s,2317.1,https://cdn.masaischool.com/sal-videos/675d0c7686fcca88cd729342/675d0a70c9f25eced4da3de0/master.m3u8,PASS — Python,Topics[:src] of Dump Session ID only,,
2,2.1,Python mid — Data structures,Python,Working — Same / Relevant Field,Working Same/Relevant Field · 2 sessions/week · 12-week milestone,PTBAM00S1_2504_S05: Data Structures in Python,67938e5f5c1716b998075305,7,Set and Tuples - Revision,3m44s,223.73,https://cdn.masaischool.com/sal-videos/675d0c7686fcca88cd729342/675d0a9f75669f4edaf2da85/master.m3u8,PASS — Python,Topics[:src] of Dump Session ID only,,
2,2.1,Python mid — Data structures,Python,Working — Same / Relevant Field,Working Same/Relevant Field · 2 sessions/week · 12-week milestone,PTBAM00S1_2504_S05: Data Structures in Python,67938e5f5c1716b998075305,8,Dictionaries,30m19s,1819.25,https://cdn.masaischool.com/sal-videos/675d0c7686fcca88cd729342/675d0ac64b1ce9ca6c9d2eeb/master.m3u8,PASS — Python,Topics[:src] of Dump Session ID only,,
2,2.1,Python mid — Data structures,Python,Working — Same / Relevant Field,Working Same/Relevant Field · 2 sessions/week · 12-week milestone,PTBAM00S1_2504_S05: Data Structures in Python,67938e5f5c1716b998075305,9,Dictionaries,5m03s,303.45,https://cdn.masaischool.com/sal-videos/675d0c7686fcca88cd729342/675d0ae975669f4edaf2dc3f/master.m3u8,PASS — Python,Topics[:src] of Dump Session ID only,,
2,2.2,"Python mid — OOP: classes, objects, constructors",Python,Working — Same / Relevant Field,Working Same/Relevant Field · 2 sessions/week · 12-week milestone,PTBAM01S2_2505_S02: Application of class objects and constructos,6798cb875968d8d661c53158,1,New Scene,32m13s,1933.0,https://cdn.masaischool.com/sal-videos/677670dae9b7943a15cd5af9/67765a280759e7f9b0766be5/master.m3u8,PASS — Python,Topics[:src] of Dump Session ID only,,
2,2.2,"Python mid — OOP: classes, objects, constructors",Python,Working — Same / Relevant Field,Working Same/Relevant Field · 2 sessions/week · 12-week milestone,PTBAM01S2_2505_S02: Application of class objects and constructos,6798cb875968d8d661c53158,2,New Scene,16m21s,981.48,https://cdn.masaischool.com/sal-videos/677670dae9b7943a15cd5af9/67765ac96a4b9b81791cd6d9/master.m3u8,PASS — Python,Topics[:src] of Dump Session ID only,,
2,2.2,"Python mid — OOP: classes, objects, constructors",Python,Working — Same / Relevant Field,Working Same/Relevant Field · 2 sessions/week · 12-week milestone,PTBAM01S2_2505_S02: Application of class objects and constructos,6798cb875968d8d661c53158,3,New Scene,5m24s,324.0,https://cdn.masaischool.com/sal-videos/677670dae9b7943a15cd5af9/67765bb06a4b9b81791cdb48/master.m3u8,PASS — Python,Topics[:src] of Dump Session ID only,,
2,2.2,"Python mid — OOP: classes, objects, constructors",Python,Working — Same / Relevant Field,Working Same/Relevant Field · 2 sessions/week · 12-week milestone,PTBAM01S2_2505_S02: Application of class objects and constructos,6798cb875968d8d661c53158,4,New Scene,33m17s,1996.82,https://cdn.masaischool.com/sal-videos/677670dae9b7943a15cd5af9/67765b03fa0467715ebb93af/master.m3u8,PASS — Python,Topics[:src] of Dump Session ID only,,
2,2.2,"Python mid — OOP: classes, objects, constructors",Python,Working — Same / Relevant Field,Working Same/Relevant Field · 2 sessions/week · 12-week milestone,PTBAM01S2_2505_S02: Application of class objects and constructos,6798cb875968d8d661c53158,5,New Scene,20m08s,1208.48,https://cdn.masaischool.com/sal-videos/677670dae9b7943a15cd5af9/67765b2a6a4b9b81791cd898/master.m3u8,PASS — Python,Topics[:src] of Dump Session ID only,,
2,2.2,"Python mid — OOP: classes, objects, constructors",Python,Working — Same / Relevant Field,Working Same/Relevant Field · 2 sessions/week · 12-week milestone,PTBAM01S2_2505_S02: Application of class objects and constructos,6798cb875968d8d661c53158,6,New Scene,25m17s,1516.75,https://cdn.masaischool.com/sal-videos/677670dae9b7943a15cd5af9/67765b586a4b9b81791cd9d7/master.m3u8,PASS — Python,Topics[:src] of Dump Session ID only,,
2,2.2,"Python mid — OOP: classes, objects, constructors",Python,Working — Same / Relevant Field,Working Same/Relevant Field · 2 sessions/week · 12-week milestone,PTBAM01S2_2505_S02: Application of class objects and constructos,6798cb875968d8d661c53158,7,New Scene,16m41s,1000.55,https://cdn.masaischool.com/sal-videos/677670dae9b7943a15cd5af9/67765b690759e7f9b07670fe/master.m3u8,PASS — Python,Topics[:src] of Dump Session ID only,,
3,3.1,"NumPy — Arrays, operations & applications",Analytics,Working — Same / Relevant Field,Working Same/Relevant Field · 2 sessions/week · 12-week milestone,CC_BLOCK_2_S1:Applications of Numpy,685306bd09d27a7b709a3c83,1,New Scene,40m25s,2424.95,https://cdn.masaischool.com/sal-videos/677e4518a70f8256bcb45ba2/677e42c7e0cb8781e5d98f86/master.m3u8,PASS — Analytics,Topics[:src] of Dump Session ID only,,
3,3.1,"NumPy — Arrays, operations & applications",Analytics,Working — Same / Relevant Field,Working Same/Relevant Field · 2 sessions/week · 12-week milestone,CC_BLOCK_2_S1:Applications of Numpy,685306bd09d27a7b709a3c83,2,New Scene,12m25s,744.88,https://cdn.masaischool.com/sal-videos/677e4518a70f8256bcb45ba2/677e4334e0cb8781e5d99357/master.m3u8,PASS — Analytics,Topics[:src] of Dump Session ID only,,
3,3.1,"NumPy — Arrays, operations & applications",Analytics,Working — Same / Relevant Field,Working Same/Relevant Field · 2 sessions/week · 12-week milestone,CC_BLOCK_2_S1:Applications of Numpy,685306bd09d27a7b709a3c83,3,New Scene,6m45s,404.82,https://cdn.masaischool.com/sal-videos/677e4518a70f8256bcb45ba2/677e4394e0cb8781e5d995ec/master.m3u8,PASS — Analytics,Topics[:src] of Dump Session ID only,,
3,3.1,"NumPy — Arrays, operations & applications",Analytics,Working — Same / Relevant Field,Working Same/Relevant Field · 2 sessions/week · 12-week milestone,CC_BLOCK_2_S1:Applications of Numpy,685306bd09d27a7b709a3c83,4,New Scene,26m40s,1600.35,https://cdn.masaischool.com/sal-videos/677e4518a70f8256bcb45ba2/677e43ffb935efdf9bb05e14/master.m3u8,PASS — Analytics,Topics[:src] of Dump Session ID only,,
3,3.1,"NumPy — Arrays, operations & applications",Analytics,Working — Same / Relevant Field,Working Same/Relevant Field · 2 sessions/week · 12-week milestone,CC_BLOCK_2_S1:Applications of Numpy,685306bd09d27a7b709a3c83,5,New Scene,11m26s,685.82,https://cdn.masaischool.com/sal-videos/677e4518a70f8256bcb45ba2/677e4421e0cb8781e5d99978/master.m3u8,PASS — Analytics,Topics[:src] of Dump Session ID only,,
3,3.1,"NumPy — Arrays, operations & applications",Analytics,Working — Same / Relevant Field,Working Same/Relevant Field · 2 sessions/week · 12-week milestone,CC_BLOCK_2_S1:Applications of Numpy,685306bd09d27a7b709a3c83,6,New Scene,31m55s,1915.15,https://cdn.masaischool.com/sal-videos/677e4518a70f8256bcb45ba2/677e447bb935efdf9bb0613d/master.m3u8,PASS — Analytics,Topics[:src] of Dump Session ID only,,
3,3.1,"NumPy — Arrays, operations & applications",Analytics,Working — Same / Relevant Field,Working Same/Relevant Field · 2 sessions/week · 12-week milestone,CC_BLOCK_2_S1:Applications of Numpy,685306bd09d27a7b709a3c83,7,New Scene,11m26s,685.82,https://cdn.masaischool.com/sal-videos/677e4518a70f8256bcb45ba2/677e449c2ce44e56b743d666/master.m3u8,PASS — Analytics,Topics[:src] of Dump Session ID only,,
3,3.2,Pandas — Introduction (Series & DataFrames),Analytics,Working — Same / Relevant Field,Working Same/Relevant Field · 2 sessions/week · 12-week milestone,CCP_BLOCK_1: Introduction to Pandas,6840a130b3353985f57d6caf,1,New Scene,42m01s,2521.08,https://cdn.masaischool.com/sal-videos/6777b543fc6513613e8bf4df/6777b1659c38d0850af9f076/master.m3u8,PASS — Analytics,Topics[:src] of Dump Session ID only,,
3,3.2,Pandas — Introduction (Series & DataFrames),Analytics,Working — Same / Relevant Field,Working Same/Relevant Field · 2 sessions/week · 12-week milestone,CCP_BLOCK_1: Introduction to Pandas,6840a130b3353985f57d6caf,2,New Scene,12m01s,721.02,https://cdn.masaischool.com/sal-videos/6777b543fc6513613e8bf4df/6777b1851b5a37cd50ac6e84/master.m3u8,PASS — Analytics,Topics[:src] of Dump Session ID only,,
3,3.2,Pandas — Introduction (Series & DataFrames),Analytics,Working — Same / Relevant Field,Working Same/Relevant Field · 2 sessions/week · 12-week milestone,CCP_BLOCK_1: Introduction to Pandas,6840a130b3353985f57d6caf,3,New Scene,5m33s,333.42,https://cdn.masaischool.com/sal-videos/6777b543fc6513613e8bf4df/6777b230f763ba76c47ffa9e/master.m3u8,PASS — Analytics,Topics[:src] of Dump Session ID only,,
3,3.2,Pandas — Introduction (Series & DataFrames),Analytics,Working — Same / Relevant Field,Working Same/Relevant Field · 2 sessions/week · 12-week milestone,CCP_BLOCK_1: Introduction to Pandas,6840a130b3353985f57d6caf,4,New Scene,48m01s,2880.88,https://cdn.masaischool.com/sal-videos/6777b543fc6513613e8bf4df/6777b1a69c38d0850af9f19e/master.m3u8,PASS — Analytics,Topics[:src] of Dump Session ID only,,
3,3.2,Pandas — Introduction (Series & DataFrames),Analytics,Working — Same / Relevant Field,Working Same/Relevant Field · 2 sessions/week · 12-week milestone,CCP_BLOCK_1: Introduction to Pandas,6840a130b3353985f57d6caf,5,New Scene,18m10s,1090.28,https://cdn.masaischool.com/sal-videos/6777b543fc6513613e8bf4df/6777b1c71b5a37cd50ac6fb2/master.m3u8,PASS — Analytics,Topics[:src] of Dump Session ID only,,
3,3.2,Pandas — Introduction (Series & DataFrames),Analytics,Working — Same / Relevant Field,Working Same/Relevant Field · 2 sessions/week · 12-week milestone,CCP_BLOCK_1: Introduction to Pandas,6840a130b3353985f57d6caf,6,New Scene,32m37s,1957.22,https://cdn.masaischool.com/sal-videos/6777b543fc6513613e8bf4df/6777b1ebf763ba76c47ff8fe/master.m3u8,PASS — Analytics,Topics[:src] of Dump Session ID only,,
3,3.2,Pandas — Introduction (Series & DataFrames),Analytics,Working — Same / Relevant Field,Working Same/Relevant Field · 2 sessions/week · 12-week milestone,CCP_BLOCK_1: Introduction to Pandas,6840a130b3353985f57d6caf,7,New Scene,11m15s,675.42,https://cdn.masaischool.com/sal-videos/6777b543fc6513613e8bf4df/6777b20b9c38d0850af9f345/master.m3u8,PASS — Analytics,Topics[:src] of Dump Session ID only,,
4,4.1,"Pandas — Grouping, filtering, and merging",Analytics,Working — Same / Relevant Field,Working Same/Relevant Field · 2 sessions/week · 12-week milestone,"CC_BLOCK_2_S1:Data Analysis with Pandas: Grouping, Filtering, and Merging",68507f8709d27a7b702f3c64,1,New Scene,33m14s,1994.08,https://cdn.masaischool.com/sal-videos/67783b1069403dcc7ee45247/677836b1e7b3bfa111d4119a/master.m3u8,PASS — Analytics,Topics[:src] of Dump Session ID only,,
4,4.1,"Pandas — Grouping, filtering, and merging",Analytics,Working — Same / Relevant Field,Working Same/Relevant Field · 2 sessions/week · 12-week milestone,"CC_BLOCK_2_S1:Data Analysis with Pandas: Grouping, Filtering, and Merging",68507f8709d27a7b702f3c64,2,New Scene,10m00s,600.48,https://cdn.masaischool.com/sal-videos/67783b1069403dcc7ee45247/677836d5abb26867fdbf44b3/master.m3u8,PASS — Analytics,Topics[:src] of Dump Session ID only,,
4,4.1,"Pandas — Grouping, filtering, and merging",Analytics,Working — Same / Relevant Field,Working Same/Relevant Field · 2 sessions/week · 12-week milestone,"CC_BLOCK_2_S1:Data Analysis with Pandas: Grouping, Filtering, and Merging",68507f8709d27a7b702f3c64,3,New Scene,5m45s,344.82,https://cdn.masaischool.com/sal-videos/67783b1069403dcc7ee45247/67783896abb26867fdbf4fce/master.m3u8,PASS — Analytics,Topics[:src] of Dump Session ID only,,
4,4.1,"Pandas — Grouping, filtering, and merging",Analytics,Working — Same / Relevant Field,Working Same/Relevant Field · 2 sessions/week · 12-week milestone,"CC_BLOCK_2_S1:Data Analysis with Pandas: Grouping, Filtering, and Merging",68507f8709d27a7b702f3c64,4,New Scene,42m14s,2534.35,https://cdn.masaischool.com/sal-videos/67783b1069403dcc7ee45247/677836e1978f7e6e582a550a/master.m3u8,PASS — Analytics,Topics[:src] of Dump Session ID only,,
4,4.1,"Pandas — Grouping, filtering, and merging",Analytics,Working — Same / Relevant Field,Working Same/Relevant Field · 2 sessions/week · 12-week milestone,"CC_BLOCK_2_S1:Data Analysis with Pandas: Grouping, Filtering, and Merging",68507f8709d27a7b702f3c64,5,New Scene,13m01s,780.55,https://cdn.masaischool.com/sal-videos/67783b1069403dcc7ee45247/67783702abb26867fdbf45b4/master.m3u8,PASS — Analytics,Topics[:src] of Dump Session ID only,,
4,4.1,"Pandas — Grouping, filtering, and merging",Analytics,Working — Same / Relevant Field,Working Same/Relevant Field · 2 sessions/week · 12-week milestone,"CC_BLOCK_2_S1:Data Analysis with Pandas: Grouping, Filtering, and Merging",68507f8709d27a7b702f3c64,6,New Scene,30m13s,1812.75,https://cdn.masaischool.com/sal-videos/67783b1069403dcc7ee45247/677837d2abb26867fdbf4a87/master.m3u8,PASS — Analytics,Topics[:src] of Dump Session ID only,,
4,4.1,"Pandas — Grouping, filtering, and merging",Analytics,Working — Same / Relevant Field,Working Same/Relevant Field · 2 sessions/week · 12-week milestone,"CC_BLOCK_2_S1:Data Analysis with Pandas: Grouping, Filtering, and Merging",68507f8709d27a7b702f3c64,7,New Scene,12m01s,720.55,https://cdn.masaischool.com/sal-videos/67783b1069403dcc7ee45247/67783811978f7e6e582a5bd9/master.m3u8,PASS — Analytics,Topics[:src] of Dump Session ID only,,
4,4.2,Data Visualization — Matplotlib & Seaborn,Analytics,Working — Same / Relevant Field,Working Same/Relevant Field · 2 sessions/week · 12-week milestone,CC_BLOCK_2_S1:Data Visualization with seaborn and matplotlib,6851619c09d27a7b704f2296,1,New Scene,26m16s,1576.28,https://cdn.masaischool.com/sal-videos/677cff50e8bba9fc7e75e44d/677cf3bf005ccdfd036c3b38/master.m3u8,PASS — Analytics,Topics[:src] of Dump Session ID only,,
4,4.2,Data Visualization — Matplotlib & Seaborn,Analytics,Working — Same / Relevant Field,Working Same/Relevant Field · 2 sessions/week · 12-week milestone,CC_BLOCK_2_S1:Data Visualization with seaborn and matplotlib,6851619c09d27a7b704f2296,2,New Scene,14m00s,840.0,https://cdn.masaischool.com/sal-videos/677bc550b23b8bf91d5a5587/677bbd6c005ccdfd03665a30/master.m3u8,PASS — Analytics,Topics[:src] of Dump Session ID only,,
4,4.2,Data Visualization — Matplotlib & Seaborn,Analytics,Working — Same / Relevant Field,Working Same/Relevant Field · 2 sessions/week · 12-week milestone,CC_BLOCK_2_S1:Data Visualization with seaborn and matplotlib,6851619c09d27a7b704f2296,3,New Scene,5m38s,337.62,https://cdn.masaischool.com/sal-videos/677bc550b23b8bf91d5a5587/677bc0d4005ccdfd0366707d/master.m3u8,PASS — Analytics,Topics[:src] of Dump Session ID only,,
4,4.2,Data Visualization — Matplotlib & Seaborn,Analytics,Working — Same / Relevant Field,Working Same/Relevant Field · 2 sessions/week · 12-week milestone,CC_BLOCK_2_S1:Data Visualization with seaborn and matplotlib,6851619c09d27a7b704f2296,4,New Scene,73m15s,4395.35,https://cdn.masaischool.com/sal-videos/677bc550b23b8bf91d5a5587/677bbf14e7b3bfa111e17cc5/master.m3u8,PASS — Analytics,Topics[:src] of Dump Session ID only,,
4,4.2,Data Visualization — Matplotlib & Seaborn,Analytics,Working — Same / Relevant Field,Working Same/Relevant Field · 2 sessions/week · 12-week milestone,CC_BLOCK_2_S1:Data Visualization with seaborn and matplotlib,6851619c09d27a7b704f2296,5,New Scene,13m55s,835.0,https://cdn.masaischool.com/sal-videos/677bc550b23b8bf91d5a5587/677bbf79556e37bd1d227a54/master.m3u8,PASS — Analytics,Topics[:src] of Dump Session ID only,,
4,4.2,Data Visualization — Matplotlib & Seaborn,Analytics,Working — Same / Relevant Field,Working Same/Relevant Field · 2 sessions/week · 12-week milestone,CC_BLOCK_2_S1:Data Visualization with seaborn and matplotlib,6851619c09d27a7b704f2296,6,New Scene,22m31s,1350.82,https://cdn.masaischool.com/sal-videos/677bc550b23b8bf91d5a5587/677bc080005ccdfd03666e05/master.m3u8,PASS — Analytics,Topics[:src] of Dump Session ID only,,
4,4.2,Data Visualization — Matplotlib & Seaborn,Analytics,Working — Same / Relevant Field,Working Same/Relevant Field · 2 sessions/week · 12-week milestone,CC_BLOCK_2_S1:Data Visualization with seaborn and matplotlib,6851619c09d27a7b704f2296,7,New Scene,19m30s,1170.0,https://cdn.masaischool.com/sal-videos/677bc550b23b8bf91d5a5587/677bc0a9556e37bd1d228592/master.m3u8,PASS — Analytics,Topics[:src] of Dump Session ID only,,
5,5.1,"Excel — VLOOKUP, XLOOKUP & HLOOKUP",Excel,Working — Same / Relevant Field,Working Same/Relevant Field · 2 sessions/week · 12-week milestone,"cc_b4_s2 : VLookup, XLookup & HLookup",68b7b86f5585f2fcceed0032,1,Scene 1,30m22s,1822.1,https://cdn.masaischool.com/sal-videos/68623937a44425acb358e0f4/6811df9735a0578c601a88bd/master.m3u8,PASS — Excel,Topics[:src] of Dump Session ID only,,
5,5.1,"Excel — VLOOKUP, XLOOKUP & HLOOKUP",Excel,Working — Same / Relevant Field,Working Same/Relevant Field · 2 sessions/week · 12-week milestone,"cc_b4_s2 : VLookup, XLookup & HLookup",68b7b86f5585f2fcceed0032,2,Scene 2,13m45s,824.97,https://cdn.masaischool.com/sal-videos/68ecb1ae39def7aec89e0cdd/6811dfa98a78fc5b701529f9/master.m3u8,PASS — Excel,Topics[:src] of Dump Session ID only,,
5,5.1,"Excel — VLOOKUP, XLOOKUP & HLOOKUP",Excel,Working — Same / Relevant Field,Working Same/Relevant Field · 2 sessions/week · 12-week milestone,"cc_b4_s2 : VLookup, XLookup & HLookup",68b7b86f5585f2fcceed0032,3,IA Scene,6m16s,375.53,https://cdn.masaischool.com/sal-videos/68ecb1ae39def7aec89e0cdd/6811dfb635a0578c601a8a39/master.m3u8,PASS — Excel,Topics[:src] of Dump Session ID only,,
5,5.1,"Excel — VLOOKUP, XLOOKUP & HLOOKUP",Excel,Working — Same / Relevant Field,Working Same/Relevant Field · 2 sessions/week · 12-week milestone,"cc_b4_s2 : VLookup, XLookup & HLookup",68b7b86f5585f2fcceed0032,4,Scene 1,39m29s,2369.1,https://cdn.masaischool.com/sal-videos/68ecb1ae39def7aec89e0cdd/6811dfc29af7de0c15c26332/master.m3u8,PASS — Excel,Topics[:src] of Dump Session ID only,,
5,5.1,"Excel — VLOOKUP, XLOOKUP & HLOOKUP",Excel,Working — Same / Relevant Field,Working Same/Relevant Field · 2 sessions/week · 12-week milestone,"cc_b4_s2 : VLookup, XLookup & HLookup",68b7b86f5585f2fcceed0032,5,Scene 2,17m58s,1077.6,https://cdn.masaischool.com/sal-videos/689a47d75fcb3af5972dc499/6811dfcc8a78fc5b70152b79/master.m3u8,PASS — Excel,Topics[:src] of Dump Session ID only,,
5,5.1,"Excel — VLOOKUP, XLOOKUP & HLOOKUP",Excel,Working — Same / Relevant Field,Working Same/Relevant Field · 2 sessions/week · 12-week milestone,"cc_b4_s2 : VLookup, XLookup & HLookup",68b7b86f5585f2fcceed0032,6,Scene 1,23m48s,1428.47,https://cdn.masaischool.com/sal-videos/689a47d75fcb3af5972dc499/6811dfdb8a78fc5b70152c31/master.m3u8,PASS — Excel,Topics[:src] of Dump Session ID only,,
5,5.2,Excel — Pivot tables and charts,Excel,Working — Same / Relevant Field,Working Same/Relevant Field · 2 sessions/week · 12-week milestone,CCP_BLOCK_1_S04: Pivot tables and charts,684738c2618c426169074cba,1,Scene 1,30m22s,1822.1,https://cdn.masaischool.com/sal-videos/68623937a44425acb358e0f4/6811df9735a0578c601a88bd/master.m3u8,PASS — Excel,Topics[:src] of Dump Session ID only,,
5,5.2,Excel — Pivot tables and charts,Excel,Working — Same / Relevant Field,Working Same/Relevant Field · 2 sessions/week · 12-week milestone,CCP_BLOCK_1_S04: Pivot tables and charts,684738c2618c426169074cba,2,Scene 2,13m45s,824.97,https://cdn.masaischool.com/sal-videos/68ecb1ae39def7aec89e0cdd/6811dfa98a78fc5b701529f9/master.m3u8,PASS — Excel,Topics[:src] of Dump Session ID only,,
5,5.2,Excel — Pivot tables and charts,Excel,Working — Same / Relevant Field,Working Same/Relevant Field · 2 sessions/week · 12-week milestone,CCP_BLOCK_1_S04: Pivot tables and charts,684738c2618c426169074cba,3,IA Scene,6m16s,375.53,https://cdn.masaischool.com/sal-videos/68ecb1ae39def7aec89e0cdd/6811dfb635a0578c601a8a39/master.m3u8,PASS — Excel,Topics[:src] of Dump Session ID only,,
5,5.2,Excel — Pivot tables and charts,Excel,Working — Same / Relevant Field,Working Same/Relevant Field · 2 sessions/week · 12-week milestone,CCP_BLOCK_1_S04: Pivot tables and charts,684738c2618c426169074cba,4,Scene 1,39m29s,2369.1,https://cdn.masaischool.com/sal-videos/68ecb1ae39def7aec89e0cdd/6811dfc29af7de0c15c26332/master.m3u8,PASS — Excel,Topics[:src] of Dump Session ID only,,
5,5.2,Excel — Pivot tables and charts,Excel,Working — Same / Relevant Field,Working Same/Relevant Field · 2 sessions/week · 12-week milestone,CCP_BLOCK_1_S04: Pivot tables and charts,684738c2618c426169074cba,5,Scene 2,17m58s,1077.6,https://cdn.masaischool.com/sal-videos/689a47d75fcb3af5972dc499/6811dfcc8a78fc5b70152b79/master.m3u8,PASS — Excel,Topics[:src] of Dump Session ID only,,
5,5.2,Excel — Pivot tables and charts,Excel,Working — Same / Relevant Field,Working Same/Relevant Field · 2 sessions/week · 12-week milestone,CCP_BLOCK_1_S04: Pivot tables and charts,684738c2618c426169074cba,6,Scene 1,23m48s,1428.47,https://cdn.masaischool.com/sal-videos/689a47d75fcb3af5972dc499/6811dfdb8a78fc5b70152c31/master.m3u8,PASS — Excel,Topics[:src] of Dump Session ID only,,
6,6.1,Excel — End-to-end dashboard,Excel,Working — Same / Relevant Field,Working Same/Relevant Field · 2 sessions/week · 12-week milestone,CCP_Block_1_S04: End to End Dashboard,684b121bdceadf1bb4805464,1,New Scene,33m16s,1995.73,https://cdn.masaischool.com/sal-videos/687002d35b865b2f6c1fc735/68394f306fcb7db8d6cda245/master.m3u8,PASS — Excel,Topics[:src] of Dump Session ID only,,
6,6.1,Excel — End-to-end dashboard,Excel,Working — Same / Relevant Field,Working Same/Relevant Field · 2 sessions/week · 12-week milestone,CCP_Block_1_S04: End to End Dashboard,684b121bdceadf1bb4805464,2,New Scene,12m59s,779.23,https://cdn.masaischool.com/sal-videos/687002d35b865b2f6c1fc735/68394f47c1c930f556659773/master.m3u8,PASS — Excel,Topics[:src] of Dump Session ID only,,
6,6.1,Excel — End-to-end dashboard,Excel,Working — Same / Relevant Field,Working Same/Relevant Field · 2 sessions/week · 12-week milestone,CCP_Block_1_S04: End to End Dashboard,684b121bdceadf1bb4805464,3,New Scene,5m38s,338.27,https://cdn.masaischool.com/sal-videos/684b121bdceadf1bb4805464/68394f55c1c930f5566597de/master.m3u8,PASS — Excel,Topics[:src] of Dump Session ID only,,
6,6.1,Excel — End-to-end dashboard,Excel,Working — Same / Relevant Field,Working Same/Relevant Field · 2 sessions/week · 12-week milestone,CCP_Block_1_S04: End to End Dashboard,684b121bdceadf1bb4805464,4,New Scene,27m00s,1620.2,https://cdn.masaischool.com/sal-videos/68da528d2a1d2494e941a323/68394f62c1c930f556659824/master.m3u8,PASS — Excel,Topics[:src] of Dump Session ID only,,
6,6.1,Excel — End-to-end dashboard,Excel,Working — Same / Relevant Field,Working Same/Relevant Field · 2 sessions/week · 12-week milestone,CCP_Block_1_S04: End to End Dashboard,684b121bdceadf1bb4805464,5,New Scene,22m13s,1332.97,https://cdn.masaischool.com/sal-videos/691acf0502d7d50d9dc637c4/68394f6f71151e6b58514317/master.m3u8,PASS — Excel,Topics[:src] of Dump Session ID only,,
6,6.2,EDA Case Study 1 — Beginning,Analytics,Working — Same / Relevant Field,Working Same/Relevant Field · 2 sessions/week · 12-week milestone,CC_BLOCK_2_S1:EDA case study - 1 (Beginning),68546e3109d27a7b70ca787e,1,Understanding the dataset concept,31m46s,1905.62,https://cdn.masaischool.com/sal-videos/677f887c22ed5b4ef13892a0/677f83d5f4d4de6322367c62/master.m3u8,PASS — Analytics,Topics[:src] of Dump Session ID only,,
6,6.2,EDA Case Study 1 — Beginning,Analytics,Working — Same / Relevant Field,Working Same/Relevant Field · 2 sessions/week · 12-week milestone,CC_BLOCK_2_S1:EDA case study - 1 (Beginning),68546e3109d27a7b70ca787e,2,Understanding the dataset concept - Rev,13m16s,795.68,https://cdn.masaischool.com/sal-videos/677f887c22ed5b4ef13892a0/677f83ef3696c2d72dc2440d/master.m3u8,PASS — Analytics,Topics[:src] of Dump Session ID only,,
6,6.2,EDA Case Study 1 — Beginning,Analytics,Working — Same / Relevant Field,Working Same/Relevant Field · 2 sessions/week · 12-week milestone,CC_BLOCK_2_S1:EDA case study - 1 (Beginning),68546e3109d27a7b70ca787e,3,New Scene,5m50s,350.0,https://cdn.masaischool.com/sal-videos/677f887c22ed5b4ef13892a0/677f84f0f4d4de63223684ce/master.m3u8,PASS — Analytics,Topics[:src] of Dump Session ID only,,
6,6.2,EDA Case Study 1 — Beginning,Analytics,Working — Same / Relevant Field,Working Same/Relevant Field · 2 sessions/week · 12-week milestone,CC_BLOCK_2_S1:EDA case study - 1 (Beginning),68546e3109d27a7b70ca787e,4,Data cleaning and preprocessing concept,36m22s,2182.43,https://cdn.masaischool.com/sal-videos/677f887c22ed5b4ef13892a0/677f8420f4d4de6322367deb/master.m3u8,PASS — Analytics,Topics[:src] of Dump Session ID only,,
6,6.2,EDA Case Study 1 — Beginning,Analytics,Working — Same / Relevant Field,Working Same/Relevant Field · 2 sessions/week · 12-week milestone,CC_BLOCK_2_S1:EDA case study - 1 (Beginning),68546e3109d27a7b70ca787e,5,Data cleaning and preprocessing concept - Rev,14m31s,870.88,https://cdn.masaischool.com/sal-videos/677f887c22ed5b4ef13892a0/677f8449b48126a9b14599a1/master.m3u8,PASS — Analytics,Topics[:src] of Dump Session ID only,,
6,6.2,EDA Case Study 1 — Beginning,Analytics,Working — Same / Relevant Field,Working Same/Relevant Field · 2 sessions/week · 12-week milestone,CC_BLOCK_2_S1:EDA case study - 1 (Beginning),68546e3109d27a7b70ca787e,6,Identifying trends concept,26m12s,1571.75,https://cdn.masaischool.com/sal-videos/677f887c22ed5b4ef13892a0/677f8480b48126a9b1459c81/master.m3u8,PASS — Analytics,Topics[:src] of Dump Session ID only,,
6,6.2,EDA Case Study 1 — Beginning,Analytics,Working — Same / Relevant Field,Working Same/Relevant Field · 2 sessions/week · 12-week milestone,CC_BLOCK_2_S1:EDA case study - 1 (Beginning),68546e3109d27a7b70ca787e,7,Identifying trends concept - Rev,14m51s,890.55,https://cdn.masaischool.com/sal-videos/677f887c22ed5b4ef13892a0/677f84ca3696c2d72dc24b18/master.m3u8,PASS — Analytics,Topics[:src] of Dump Session ID only,,
7,7.1,EDA Case Study 1 — Conclusion,Analytics,Working — Same / Relevant Field,Working Same/Relevant Field · 2 sessions/week · 12-week milestone,CC_BLOCK_2_S1:EDA case study - 1 (Conclusion),6855a49709d27a7b70000b33,1,Generating insights from data concept,34m32s,2072.35,https://cdn.masaischool.com/sal-videos/6780ef77bba47f70d74076b0/6780dd387c8406e54906b248/master.m3u8,PASS — Analytics,Topics[:src] of Dump Session ID only,,
7,7.1,EDA Case Study 1 — Conclusion,Analytics,Working — Same / Relevant Field,Working Same/Relevant Field · 2 sessions/week · 12-week milestone,CC_BLOCK_2_S1:EDA case study - 1 (Conclusion),6855a49709d27a7b70000b33,2,Generating insights from data Revision,16m50s,1010.35,https://cdn.masaischool.com/sal-videos/6780ef77bba47f70d74076b0/6780dcdf61e6f9f4a6926702/master.m3u8,PASS — Analytics,Topics[:src] of Dump Session ID only,,
7,7.1,EDA Case Study 1 — Conclusion,Analytics,Working — Same / Relevant Field,Working Same/Relevant Field · 2 sessions/week · 12-week milestone,CC_BLOCK_2_S1:EDA case study - 1 (Conclusion),6855a49709d27a7b70000b33,3,IA Discussion,6m02s,362.0,https://cdn.masaischool.com/sal-videos/6780ef77bba47f70d74076b0/6780dddb7c8406e54906b584/master.m3u8,PASS — Analytics,Topics[:src] of Dump Session ID only,,
7,7.1,EDA Case Study 1 — Conclusion,Analytics,Working — Same / Relevant Field,Working Same/Relevant Field · 2 sessions/week · 12-week milestone,CC_BLOCK_2_S1:EDA case study - 1 (Conclusion),6855a49709d27a7b70000b33,4,Visualizing results concept,42m16s,2535.62,https://cdn.masaischool.com/sal-videos/6780ef77bba47f70d74076b0/6780dd537c8406e54906b2fd/master.m3u8,PASS — Analytics,Topics[:src] of Dump Session ID only,,
7,7.1,EDA Case Study 1 — Conclusion,Analytics,Working — Same / Relevant Field,Working Same/Relevant Field · 2 sessions/week · 12-week milestone,CC_BLOCK_2_S1:EDA case study - 1 (Conclusion),6855a49709d27a7b70000b33,5,Visualizing results revision,11m46s,705.88,https://cdn.masaischool.com/sal-videos/6780ef77bba47f70d74076b0/6780dcdfb15221f868d38345/master.m3u8,PASS — Analytics,Topics[:src] of Dump Session ID only,,
7,7.1,EDA Case Study 1 — Conclusion,Analytics,Working — Same / Relevant Field,Working Same/Relevant Field · 2 sessions/week · 12-week milestone,CC_BLOCK_2_S1:EDA case study - 1 (Conclusion),6855a49709d27a7b70000b33,6,Summarizing findings concept,37m45s,2265.48,https://cdn.masaischool.com/sal-videos/6780ef77bba47f70d74076b0/6780dd7c61e6f9f4a6926ae2/master.m3u8,PASS — Analytics,Topics[:src] of Dump Session ID only,,
7,7.1,EDA Case Study 1 — Conclusion,Analytics,Working — Same / Relevant Field,Working Same/Relevant Field · 2 sessions/week · 12-week milestone,CC_BLOCK_2_S1:EDA case study - 1 (Conclusion),6855a49709d27a7b70000b33,7,Summarizing findings revision,12m03s,723.15,https://cdn.masaischool.com/sal-videos/6780ef77bba47f70d74076b0/6780dcde7c8406e54906b014/master.m3u8,PASS — Analytics,Topics[:src] of Dump Session ID only,,
7,7.2,Maths — Arithmetic essentials,Maths,Working — Same / Relevant Field,Working Same/Relevant Field · 2 sessions/week · 12-week milestone,"PBAU08-MU01_S01: Arithmetic Essentials: Averages, Ratios, Percentages",6846b22b618c42616900145e,1,New Scene 1.0,36m14s,2173.77,https://cdn.masaischool.com/sal-videos/69280885f40b4e4e61094282/6846a3e00f8d7a05185ab40e/master.m3u8,PASS — Maths,Topics[:src] of Dump Session ID only,,
7,7.2,Maths — Arithmetic essentials,Maths,Working — Same / Relevant Field,Working Same/Relevant Field · 2 sessions/week · 12-week milestone,"PBAU08-MU01_S01: Arithmetic Essentials: Averages, Ratios, Percentages",6846b22b618c42616900145e,2,New Scene 1.1,4m55s,295.08,https://cdn.masaischool.com/sal-videos/69280885f40b4e4e61094282/6846a3f72ea48d13d46a48ae/master.m3u8,PASS — Maths,Topics[:src] of Dump Session ID only,,
7,7.2,Maths — Arithmetic essentials,Maths,Working — Same / Relevant Field,Working Same/Relevant Field · 2 sessions/week · 12-week milestone,"PBAU08-MU01_S01: Arithmetic Essentials: Averages, Ratios, Percentages",6846b22b618c42616900145e,3,New Scene 2.0,55m16s,3316.4,https://cdn.masaischool.com/sal-videos/6862392ca44425acb355c500/6846a4022ea48d13d46a48f7/master.m3u8,PASS — Maths,Topics[:src] of Dump Session ID only,,
7,7.2,Maths — Arithmetic essentials,Maths,Working — Same / Relevant Field,Working Same/Relevant Field · 2 sessions/week · 12-week milestone,"PBAU08-MU01_S01: Arithmetic Essentials: Averages, Ratios, Percentages",6846b22b618c42616900145e,4,New Scene 2.1,6m40s,399.55,https://cdn.masaischool.com/sal-videos/688782f914073865a3651e28/6846a40a0f8d7a05185ab55a/master.m3u8,PASS — Maths,Topics[:src] of Dump Session ID only,,
7,7.2,Maths — Arithmetic essentials,Maths,Working — Same / Relevant Field,Working Same/Relevant Field · 2 sessions/week · 12-week milestone,"PBAU08-MU01_S01: Arithmetic Essentials: Averages, Ratios, Percentages",6846b22b618c42616900145e,5,New Scene 3.0,33m45s,2024.75,https://cdn.masaischool.com/sal-videos/688782f914073865a3651e28/6846a4162ea48d13d46a4a48/master.m3u8,PASS — Maths,Topics[:src] of Dump Session ID only,,
7,7.2,Maths — Arithmetic essentials,Maths,Working — Same / Relevant Field,Working Same/Relevant Field · 2 sessions/week · 12-week milestone,"PBAU08-MU01_S01: Arithmetic Essentials: Averages, Ratios, Percentages",6846b22b618c42616900145e,6,New Scene 3.1,8m16s,496.0,https://cdn.masaischool.com/sal-videos/6862392ca44425acb355c500/6846a4202ea48d13d46a4a9e/master.m3u8,PASS — Maths,Topics[:src] of Dump Session ID only,,
8,8.1,Maths — Statistics in data science,Maths,Working — Same / Relevant Field,Working Same/Relevant Field · 2 sessions/week · 12-week milestone,CCP_Block_1: The Power of Numbers: Unveiling Statistics in Data Science,68409664b3353985f57d175d,1,What is Statistics and Its Role in Data Science,24m28s,1467.67,https://cdn.masaischool.com/sal-videos/67d963e98a19e315e7b7e1a8/67d948fccbc68914a35a86cd/master.m3u8,PASS — Maths,Topics[:src] of Dump Session ID only,,
8,8.1,Maths — Statistics in data science,Maths,Working — Same / Relevant Field,Working Same/Relevant Field · 2 sessions/week · 12-week milestone,CCP_Block_1: The Power of Numbers: Unveiling Statistics in Data Science,68409664b3353985f57d175d,2,Understanding Data Types (Categorical & Numerical),27m32s,1651.77,https://cdn.masaischool.com/sal-videos/682b5dc71b0b84e7b3a68c26/67d9498aefcecbdea76c243c/master.m3u8,PASS — Maths,Topics[:src] of Dump Session ID only,,
8,8.1,Maths — Statistics in data science,Maths,Working — Same / Relevant Field,Working Same/Relevant Field · 2 sessions/week · 12-week milestone,CCP_Block_1: The Power of Numbers: Unveiling Statistics in Data Science,68409664b3353985f57d175d,3,Understanding Data Types (Categorical & Numerical) - Pitfall,9m23s,562.95,https://cdn.masaischool.com/sal-videos/67d963e98a19e315e7b7e1a8/67d9497945ef0663b06c67ec/master.m3u8,PASS — Maths,Topics[:src] of Dump Session ID only,,
8,8.1,Maths — Statistics in data science,Maths,Working — Same / Relevant Field,Working Same/Relevant Field · 2 sessions/week · 12-week milestone,CCP_Block_1: The Power of Numbers: Unveiling Statistics in Data Science,68409664b3353985f57d175d,4,Types of Numerical Data (Discrete & Continuous),24m35s,1474.88,https://cdn.masaischool.com/sal-videos/67d963e98a19e315e7b7e1a8/67d949e145ef0663b06c6af8/master.m3u8,PASS — Maths,Topics[:src] of Dump Session ID only,,
8,8.1,Maths — Statistics in data science,Maths,Working — Same / Relevant Field,Working Same/Relevant Field · 2 sessions/week · 12-week milestone,CCP_Block_1: The Power of Numbers: Unveiling Statistics in Data Science,68409664b3353985f57d175d,5,Types of Numerical Data (Discrete & Continuous) - Pitfall,6m59s,419.13,https://cdn.masaischool.com/sal-videos/67d963e98a19e315e7b7e1a8/67d94a2c45ef0663b06c6cc3/master.m3u8,PASS — Maths,Topics[:src] of Dump Session ID only,,
8,8.1,Maths — Statistics in data science,Maths,Working — Same / Relevant Field,Working Same/Relevant Field · 2 sessions/week · 12-week milestone,CCP_Block_1: The Power of Numbers: Unveiling Statistics in Data Science,68409664b3353985f57d175d,6,"Scales of Measurement (Nominal, Ordinal, Interval, Ratio)",31m03s,1863.27,https://cdn.masaischool.com/sal-videos/67d963e98a19e315e7b7e1a8/67d94c8745ef0663b06c8179/master.m3u8,PASS — Maths,Topics[:src] of Dump Session ID only,,
8,8.1,Maths — Statistics in data science,Maths,Working — Same / Relevant Field,Working Same/Relevant Field · 2 sessions/week · 12-week milestone,CCP_Block_1: The Power of Numbers: Unveiling Statistics in Data Science,68409664b3353985f57d175d,7,"Scales of Measurement (Nominal, Ordinal, Interval, Ratio) - Pitfall",7m37s,456.53,https://cdn.masaischool.com/sal-videos/67d963e98a19e315e7b7e1a8/67d94c7ecbc68914a35aa471/master.m3u8,PASS — Maths,Topics[:src] of Dump Session ID only,,
8,8.1,Maths — Statistics in data science,Maths,Working — Same / Relevant Field,Working Same/Relevant Field · 2 sessions/week · 12-week milestone,CCP_Block_1: The Power of Numbers: Unveiling Statistics in Data Science,68409664b3353985f57d175d,8,IA Discussion,3m32s,212.02,https://cdn.masaischool.com/sal-videos/67d963e98a19e315e7b7e1a8/67d94cfb45ef0663b06c87a0/master.m3u8,PASS — Maths,Topics[:src] of Dump Session ID only,,
8,8.1,Maths — Statistics in data science,Maths,Working — Same / Relevant Field,Working Same/Relevant Field · 2 sessions/week · 12-week milestone,CCP_Block_1: The Power of Numbers: Unveiling Statistics in Data Science,68409664b3353985f57d175d,9,Summary,0m50s,49.8,https://cdn.masaischool.com/sal-videos/687e16a414073865a3614984/67d94d3b45ef0663b06c8b24/master.m3u8,PASS — Maths,Topics[:src] of Dump Session ID only,,
8,8.2,Maths — Central tendency and dispersion,Maths,Working — Same / Relevant Field,Working Same/Relevant Field · 2 sessions/week · 12-week milestone,PDSU04-MU02_S02: The Heart of Data: Central Tendency and Dispersion Demystified,68468868618c426169f46d3b,1,Introduction to Frequency Tables and Class Intervals,34m15s,2054.72,https://cdn.masaischool.com/sal-videos/6803dfb604872b1793cff431/67da94270f9569535c003a5e/master.m3u8,PASS — Maths,Topics[:src] of Dump Session ID only,,
8,8.2,Maths — Central tendency and dispersion,Maths,Working — Same / Relevant Field,Working Same/Relevant Field · 2 sessions/week · 12-week milestone,PDSU04-MU02_S02: The Heart of Data: Central Tendency and Dispersion Demystified,68468868618c426169f46d3b,2,Introduction to Frequency Tables and Class Intervals - Pitfall,11m09s,669.45,https://cdn.masaischool.com/sal-videos/6822fadaa6e2ef55336f6b19/67da985ade27d6cecd7e77f3/master.m3u8,PASS — Maths,Topics[:src] of Dump Session ID only,,
8,8.2,Maths — Central tendency and dispersion,Maths,Working — Same / Relevant Field,Working Same/Relevant Field · 2 sessions/week · 12-week milestone,PDSU04-MU02_S02: The Heart of Data: Central Tendency and Dispersion Demystified,68468868618c426169f46d3b,3,IA Discussion,4m59s,299.25,https://cdn.masaischool.com/sal-videos/67dacd568a19e315e7f03af2/67daa886f5c570a31e709658/master.m3u8,PASS — Maths,Topics[:src] of Dump Session ID only,,
8,8.2,Maths — Central tendency and dispersion,Maths,Working — Same / Relevant Field,Working Same/Relevant Field · 2 sessions/week · 12-week milestone,PDSU04-MU02_S02: The Heart of Data: Central Tendency and Dispersion Demystified,68468868618c426169f46d3b,4,"Visualizing Data: Histograms, Bar Charts, and Pie Charts",31m55s,1915.12,https://cdn.masaischool.com/sal-videos/67dacd568a19e315e7f03af2/67da9988f5c570a31e70260c/master.m3u8,PASS — Maths,Topics[:src] of Dump Session ID only,,
8,8.2,Maths — Central tendency and dispersion,Maths,Working — Same / Relevant Field,Working Same/Relevant Field · 2 sessions/week · 12-week milestone,PDSU04-MU02_S02: The Heart of Data: Central Tendency and Dispersion Demystified,68468868618c426169f46d3b,5,"Visualizing Data: Histograms, Bar Charts, and Pie Charts - Pitfall",10m00s,600.02,https://cdn.masaischool.com/sal-videos/67dacd568a19e315e7f03af2/67daa653de27d6cecd7edd6e/master.m3u8,PASS — Maths,Topics[:src] of Dump Session ID only,,
8,8.2,Maths — Central tendency and dispersion,Maths,Working — Same / Relevant Field,Working Same/Relevant Field · 2 sessions/week · 12-week milestone,PDSU04-MU02_S02: The Heart of Data: Central Tendency and Dispersion Demystified,68468868618c426169f46d3b,6,"Data Distributions (Uniform, Normal, and Skewed)",31m58s,1918.0,https://cdn.masaischool.com/sal-videos/67dacd568a19e315e7f03af2/67daa83ff5c570a31e709477/master.m3u8,PASS — Maths,Topics[:src] of Dump Session ID only,,
8,8.2,Maths — Central tendency and dispersion,Maths,Working — Same / Relevant Field,Working Same/Relevant Field · 2 sessions/week · 12-week milestone,PDSU04-MU02_S02: The Heart of Data: Central Tendency and Dispersion Demystified,68468868618c426169f46d3b,7,"Data Distributions (Uniform, Normal, and Skewed) - Pitfall",11m18s,677.7,https://cdn.masaischool.com/sal-videos/67dacd568a19e315e7f03af2/67daa83b0f9569535c00d3c9/master.m3u8,PASS — Maths,Topics[:src] of Dump Session ID only,,
8,8.2,Maths — Central tendency and dispersion,Maths,Working — Same / Relevant Field,Working Same/Relevant Field · 2 sessions/week · 12-week milestone,PDSU04-MU02_S02: The Heart of Data: Central Tendency and Dispersion Demystified,68468868618c426169f46d3b,8,Summary,1m57s,116.82,https://cdn.masaischool.com/sal-videos/6803dfb604872b1793cff431/67daa86ade27d6cecd7eea2c/master.m3u8,PASS — Maths,Topics[:src] of Dump Session ID only,,
9,9.1,Maths — Probability distributions,Maths,Working — Same / Relevant Field,Working Same/Relevant Field · 2 sessions/week · 12-week milestone,PBAU04-MU01_S02: Probability Distribution,68342d6c907eb74ce68e686a,1,Introduction and Types of Probability Distribution,33m22s,2002.28,https://cdn.masaischool.com/sal-videos/67e3e98a3a4f393087a756ed/67e3c7899410a0c87661c169/master.m3u8,PASS — Maths,Topics[:src] of Dump Session ID only,,
9,9.1,Maths — Probability distributions,Maths,Working — Same / Relevant Field,Working Same/Relevant Field · 2 sessions/week · 12-week milestone,PBAU04-MU01_S02: Probability Distribution,68342d6c907eb74ce68e686a,2,Introduction and Types of Probability Distribution - Pitfall,12m59s,778.58,https://cdn.masaischool.com/sal-videos/67e3e98a3a4f393087a756ed/67e3cb0c9410a0c87661dcd9/master.m3u8,PASS — Maths,Topics[:src] of Dump Session ID only,,
9,9.1,Maths — Probability distributions,Maths,Working — Same / Relevant Field,Working Same/Relevant Field · 2 sessions/week · 12-week milestone,PBAU04-MU01_S02: Probability Distribution,68342d6c907eb74ce68e686a,3,IA Discussion,5m08s,307.52,https://cdn.masaischool.com/sal-videos/67e3e98a3a4f393087a756ed/67e3ce80461607a80e37a62d/master.m3u8,PASS — Maths,Topics[:src] of Dump Session ID only,,
9,9.1,Maths — Probability distributions,Maths,Working — Same / Relevant Field,Working Same/Relevant Field · 2 sessions/week · 12-week milestone,PBAU04-MU01_S02: Probability Distribution,68342d6c907eb74ce68e686a,4,Binomial distribution,36m27s,2187.2,https://cdn.masaischool.com/sal-videos/6803dfb704872b1793d0664e/67e3ca58abd1019654a1f800/master.m3u8,PASS — Maths,Topics[:src] of Dump Session ID only,,
9,9.1,Maths — Probability distributions,Maths,Working — Same / Relevant Field,Working Same/Relevant Field · 2 sessions/week · 12-week milestone,PBAU04-MU01_S02: Probability Distribution,68342d6c907eb74ce68e686a,5,Poissons distribution,27m10s,1629.9,https://cdn.masaischool.com/sal-videos/67f2a4d5cbc216dc7bad3888/67e3ca4263d1108f7764d2da/master.m3u8,PASS — Maths,Topics[:src] of Dump Session ID only,,
9,9.1,Maths — Probability distributions,Maths,Working — Same / Relevant Field,Working Same/Relevant Field · 2 sessions/week · 12-week milestone,PBAU04-MU01_S02: Probability Distribution,68342d6c907eb74ce68e686a,6,Poissons distribution - Pitfall,12m04s,724.03,https://cdn.masaischool.com/sal-videos/67f2a4d3cbc216dc7bac67ca/67e3cce1461607a80e3792a4/master.m3u8,PASS — Maths,Topics[:src] of Dump Session ID only,,
9,9.1,Maths — Probability distributions,Maths,Working — Same / Relevant Field,Working Same/Relevant Field · 2 sessions/week · 12-week milestone,PBAU04-MU01_S02: Probability Distribution,68342d6c907eb74ce68e686a,7,Summary,1m19s,79.4,https://cdn.masaischool.com/sal-videos/6803dfb704872b1793d0664e/67e3ce63461607a80e37a518/master.m3u8,PASS — Maths,Topics[:src] of Dump Session ID only,,
9,9.2,ML — Introduction to machine learning,ML,Working — Same / Relevant Field,Working Same/Relevant Field · 2 sessions/week · 12-week milestone,PDSU06-MU02_S01: Introduction to Machine Learning & Problem-Solving Approach,6847ec2f618c426169120bf6,1,New Scene 1.0,40m49s,2449.02,https://cdn.masaischool.com/sal-videos/687e16ae14073865a36476fa/6847e2e8f923a3909d033347/master.m3u8,PASS — ML,Topics[:src] of Dump Session ID only,,
9,9.2,ML — Introduction to machine learning,ML,Working — Same / Relevant Field,Working Same/Relevant Field · 2 sessions/week · 12-week milestone,PDSU06-MU02_S01: Introduction to Machine Learning & Problem-Solving Approach,6847ec2f618c426169120bf6,2,New Scene,4m14s,253.82,https://cdn.masaischool.com/sal-videos/687e16ae14073865a36476fa/6847e2f5a66f021e466dc091/master.m3u8,PASS — ML,Topics[:src] of Dump Session ID only,,
9,9.2,ML — Introduction to machine learning,ML,Working — Same / Relevant Field,Working Same/Relevant Field · 2 sessions/week · 12-week milestone,PDSU06-MU02_S01: Introduction to Machine Learning & Problem-Solving Approach,6847ec2f618c426169120bf6,3,New Scene 2.0,28m34s,1713.7,https://cdn.masaischool.com/sal-videos/68d271a82a1d2494e90db3ef/6847e305f923a3909d0335cf/master.m3u8,PASS — ML,Topics[:src] of Dump Session ID only,,
9,9.2,ML — Introduction to machine learning,ML,Working — Same / Relevant Field,Working Same/Relevant Field · 2 sessions/week · 12-week milestone,PDSU06-MU02_S01: Introduction to Machine Learning & Problem-Solving Approach,6847ec2f618c426169120bf6,4,New Scene 2.1,2m58s,177.77,https://cdn.masaischool.com/sal-videos/68d271a82a1d2494e90db3ef/6847e30ea66f021e466dc2db/master.m3u8,PASS — ML,Topics[:src] of Dump Session ID only,,
9,9.2,ML — Introduction to machine learning,ML,Working — Same / Relevant Field,Working Same/Relevant Field · 2 sessions/week · 12-week milestone,PDSU06-MU02_S01: Introduction to Machine Learning & Problem-Solving Approach,6847ec2f618c426169120bf6,5,New Scene 3.0,17m17s,1036.57,https://cdn.masaischool.com/sal-videos/68d271a82a1d2494e90db3ef/6847e317a66f021e466dc3e4/master.m3u8,PASS — ML,Topics[:src] of Dump Session ID only,,
9,9.2,ML — Introduction to machine learning,ML,Working — Same / Relevant Field,Working Same/Relevant Field · 2 sessions/week · 12-week milestone,PDSU06-MU02_S01: Introduction to Machine Learning & Problem-Solving Approach,6847ec2f618c426169120bf6,6,New Scene 3.1,3m15s,194.57,https://cdn.masaischool.com/sal-videos/68d271a82a1d2494e90db3ef/6847e320f923a3909d03385d/master.m3u8,PASS — ML,Topics[:src] of Dump Session ID only,,
10,10.1,ML — Encoding & linear regression,ML,Working — Same / Relevant Field,Working Same/Relevant Field · 2 sessions/week · 12-week milestone,PDSU06-MU02_S04: Encoding & Linear Regression,684c0917dceadf1bb4852a77,1,New Scene 1.0,17m08s,1028.43,https://cdn.masaischool.com/sal-videos/68623933a44425acb3579ee2/684bf9b6c4269590ab7245aa/master.m3u8,PASS — ML,Topics[:src] of Dump Session ID only,,
10,10.1,ML — Encoding & linear regression,ML,Working — Same / Relevant Field,Working Same/Relevant Field · 2 sessions/week · 12-week milestone,PDSU06-MU02_S04: Encoding & Linear Regression,684c0917dceadf1bb4852a77,2,New Scene 1.1,5m01s,301.37,https://cdn.masaischool.com/sal-videos/68623933a44425acb3579ee2/684bf9c490b0148cd244b223/master.m3u8,PASS — ML,Topics[:src] of Dump Session ID only,,
10,10.1,ML — Encoding & linear regression,ML,Working — Same / Relevant Field,Working Same/Relevant Field · 2 sessions/week · 12-week milestone,PDSU06-MU02_S04: Encoding & Linear Regression,684c0917dceadf1bb4852a77,3,New Scene IA,5m01s,300.7,https://cdn.masaischool.com/sal-videos/684c0917dceadf1bb4852a77/684bfa7a90b0148cd244b83a/master.m3u8,PASS — ML,Topics[:src] of Dump Session ID only,,
10,10.1,ML — Encoding & linear regression,ML,Working — Same / Relevant Field,Working Same/Relevant Field · 2 sessions/week · 12-week milestone,PDSU06-MU02_S04: Encoding & Linear Regression,684c0917dceadf1bb4852a77,4,New Scene 2.0,31m00s,1860.3,https://cdn.masaischool.com/sal-videos/68987df0eb3c263fe60a3601/684bf9d384f5064184ae259e/master.m3u8,PASS — ML,Topics[:src] of Dump Session ID only,,
10,10.1,ML — Encoding & linear regression,ML,Working — Same / Relevant Field,Working Same/Relevant Field · 2 sessions/week · 12-week milestone,PDSU06-MU02_S04: Encoding & Linear Regression,684c0917dceadf1bb4852a77,5,New Scene 2.1,4m41s,280.57,https://cdn.masaischool.com/sal-videos/68987df0eb3c263fe60a3601/684bf9e1c4269590ab7247a3/master.m3u8,PASS — ML,Topics[:src] of Dump Session ID only,,
10,10.1,ML — Encoding & linear regression,ML,Working — Same / Relevant Field,Working Same/Relevant Field · 2 sessions/week · 12-week milestone,PDSU06-MU02_S04: Encoding & Linear Regression,684c0917dceadf1bb4852a77,6,New Scene 3.0,29m02s,1741.5,https://cdn.masaischool.com/sal-videos/68623933a44425acb3579ee2/684bf9f2c4269590ab724832/master.m3u8,PASS — ML,Topics[:src] of Dump Session ID only,,
10,10.1,ML — Encoding & linear regression,ML,Working — Same / Relevant Field,Working Same/Relevant Field · 2 sessions/week · 12-week milestone,PDSU06-MU02_S04: Encoding & Linear Regression,684c0917dceadf1bb4852a77,7,New Scene 3.1,4m56s,295.9,https://cdn.masaischool.com/sal-videos/684c0917dceadf1bb4852a77/684bf9fb84f5064184ae270e/master.m3u8,PASS — ML,Topics[:src] of Dump Session ID only,,
10,10.1,ML — Encoding & linear regression,ML,Working — Same / Relevant Field,Working Same/Relevant Field · 2 sessions/week · 12-week milestone,PDSU06-MU02_S04: Encoding & Linear Regression,684c0917dceadf1bb4852a77,8,New Scene 4.0,24m25s,1464.97,https://cdn.masaischool.com/sal-videos/68623933a44425acb3579ee2/684bfa0584f5064184ae2780/master.m3u8,PASS — ML,Topics[:src] of Dump Session ID only,,
10,10.1,ML — Encoding & linear regression,ML,Working — Same / Relevant Field,Working Same/Relevant Field · 2 sessions/week · 12-week milestone,PDSU06-MU02_S04: Encoding & Linear Regression,684c0917dceadf1bb4852a77,9,New Scene 4.1,4m25s,265.37,https://cdn.masaischool.com/sal-videos/68623933a44425acb3579ee2/684bfa1390b0148cd244b4d0/master.m3u8,PASS — ML,Topics[:src] of Dump Session ID only,,
10,10.2,ML — Logistic regression,ML,Working — Same / Relevant Field,Working Same/Relevant Field · 2 sessions/week · 12-week milestone,PDSU06-MU02_S01: Logistic Regression,68513d8709d27a7b70442869,1,New Scene 1.0,51m16s,3076.43,https://cdn.masaischool.com/sal-videos/68513d8709d27a7b70442869/6851353aa66ac7f8a5c53159/master.m3u8,PASS — ML,Topics[:src] of Dump Session ID only,,
10,10.2,ML — Logistic regression,ML,Working — Same / Relevant Field,Working Same/Relevant Field · 2 sessions/week · 12-week milestone,PDSU06-MU02_S01: Logistic Regression,68513d8709d27a7b70442869,2,New Scene 1.1,5m04s,303.9,https://cdn.masaischool.com/sal-videos/689f5ccc988b88080fcc8980/6851356f366e568bf4c9866b/master.m3u8,PASS — ML,Topics[:src] of Dump Session ID only,,
10,10.2,ML — Logistic regression,ML,Working — Same / Relevant Field,Working Same/Relevant Field · 2 sessions/week · 12-week milestone,PDSU06-MU02_S01: Logistic Regression,68513d8709d27a7b70442869,3,New Scene IA,5m43s,343.37,https://cdn.masaischool.com/sal-videos/686b7f6a5b865b2f6ca04ed6/685135d6a66ac7f8a5c5366b/master.m3u8,PASS — ML,Topics[:src] of Dump Session ID only,,
10,10.2,ML — Logistic regression,ML,Working — Same / Relevant Field,Working Same/Relevant Field · 2 sessions/week · 12-week milestone,PDSU06-MU02_S01: Logistic Regression,68513d8709d27a7b70442869,4,New Scene 2.0,32m37s,1956.83,https://cdn.masaischool.com/sal-videos/686b7f6a5b865b2f6ca04ed6/685135a7a66ac7f8a5c53504/master.m3u8,PASS — ML,Topics[:src] of Dump Session ID only,,
10,10.2,ML — Logistic regression,ML,Working — Same / Relevant Field,Working Same/Relevant Field · 2 sessions/week · 12-week milestone,PDSU06-MU02_S01: Logistic Regression,68513d8709d27a7b70442869,5,New Scene 2.1,5m12s,312.43,https://cdn.masaischool.com/sal-videos/686b7f6a5b865b2f6ca04ed6/68513604006b47432e3a57d9/master.m3u8,PASS — ML,Topics[:src] of Dump Session ID only,,
10,10.2,ML — Logistic regression,ML,Working — Same / Relevant Field,Working Same/Relevant Field · 2 sessions/week · 12-week milestone,PDSU06-MU02_S01: Logistic Regression,68513d8709d27a7b70442869,6,New Scene 3.0,26m17s,1577.23,https://cdn.masaischool.com/sal-videos/686b7f6a5b865b2f6ca04ed6/6851360ea66ac7f8a5c53801/master.m3u8,PASS — ML,Topics[:src] of Dump Session ID only,,
10,10.2,ML — Logistic regression,ML,Working — Same / Relevant Field,Working Same/Relevant Field · 2 sessions/week · 12-week milestone,PDSU06-MU02_S01: Logistic Regression,68513d8709d27a7b70442869,7,New Scene 3.1,5m15s,314.83,https://cdn.masaischool.com/sal-videos/686b7f6a5b865b2f6ca04ed6/68513617366e568bf4c98b23/master.m3u8,PASS — ML,Topics[:src] of Dump Session ID only,,
11,11.1,ML — Decision trees,ML,Working — Same / Relevant Field,Working Same/Relevant Field · 2 sessions/week · 12-week milestone,PDSU06-MU02_S04: Decision Tree,685530e109d27a7b70e921c1,1,New Scene 1.0,32m26s,1946.17,https://cdn.masaischool.com/sal-videos/686b7f6b5b865b2f6ca0b640/685528fac00d01d5374bb81e/master.m3u8,PASS — ML,Topics[:src] of Dump Session ID only,,
11,11.1,ML — Decision trees,ML,Working — Same / Relevant Field,Working Same/Relevant Field · 2 sessions/week · 12-week milestone,PDSU06-MU02_S04: Decision Tree,685530e109d27a7b70e921c1,2,New Scene 1.1,4m01s,241.23,https://cdn.masaischool.com/sal-videos/686b7f6b5b865b2f6ca0b640/68552904c00d01d5374bb88b/master.m3u8,PASS — ML,Topics[:src] of Dump Session ID only,,
11,11.1,ML — Decision trees,ML,Working — Same / Relevant Field,Working Same/Relevant Field · 2 sessions/week · 12-week milestone,PDSU06-MU02_S04: Decision Tree,685530e109d27a7b70e921c1,3,New Scene IA,5m15s,315.37,https://cdn.masaischool.com/sal-videos/685530e109d27a7b70e921c1/685529103f5b603c8712bd94/master.m3u8,PASS — ML,Topics[:src] of Dump Session ID only,,
11,11.1,ML — Decision trees,ML,Working — Same / Relevant Field,Working Same/Relevant Field · 2 sessions/week · 12-week milestone,PDSU06-MU02_S04: Decision Tree,685530e109d27a7b70e921c1,4,New Scene 2.0,36m02s,2161.9,https://cdn.masaischool.com/sal-videos/68873c8214073865a35d1b4f/6855291e3f5b603c8712bdec/master.m3u8,PASS — ML,Topics[:src] of Dump Session ID only,,
11,11.1,ML — Decision trees,ML,Working — Same / Relevant Field,Working Same/Relevant Field · 2 sessions/week · 12-week milestone,PDSU06-MU02_S04: Decision Tree,685530e109d27a7b70e921c1,5,New Scene 2.1,4m03s,242.57,https://cdn.masaischool.com/sal-videos/68be89585585f2fcce5f33f5/685529273f5b603c8712be41/master.m3u8,PASS — ML,Topics[:src] of Dump Session ID only,,
11,11.1,ML — Decision trees,ML,Working — Same / Relevant Field,Working Same/Relevant Field · 2 sessions/week · 12-week milestone,PDSU06-MU02_S04: Decision Tree,685530e109d27a7b70e921c1,6,New Scene 3.0,12m34s,754.17,https://cdn.masaischool.com/sal-videos/68be89585585f2fcce5f33f5/68552930c00d01d5374bb9f1/master.m3u8,PASS — ML,Topics[:src] of Dump Session ID only,,
11,11.1,ML — Decision trees,ML,Working — Same / Relevant Field,Working Same/Relevant Field · 2 sessions/week · 12-week milestone,PDSU06-MU02_S04: Decision Tree,685530e109d27a7b70e921c1,7,New Scene 3.1,3m01s,181.1,https://cdn.masaischool.com/sal-videos/68be89585585f2fcce5f33f5/6855293b3f5b603c8712bef7/master.m3u8,PASS — ML,Topics[:src] of Dump Session ID only,,
11,11.2,ML — Random forest,ML,Working — Same / Relevant Field,Working Same/Relevant Field · 2 sessions/week · 12-week milestone,PDSU06-MU02_S01: Random Forest,685a96e6a44425acb388dce5,1,New Scene 1.0,20m07s,1206.83,https://cdn.masaischool.com/sal-videos/6874fce05b865b2f6c451a0d/685a8cfcdb962067e0e71a72/master.m3u8,PASS — ML,Topics[:src] of Dump Session ID only,,
11,11.2,ML — Random forest,ML,Working — Same / Relevant Field,Working Same/Relevant Field · 2 sessions/week · 12-week milestone,PDSU06-MU02_S01: Random Forest,685a96e6a44425acb388dce5,2,New Scene 1.1,5m02s,301.77,https://cdn.masaischool.com/sal-videos/685a96e6a44425acb388dce5/685a8d0554ab24a41a37822b/master.m3u8,PASS — ML,Topics[:src] of Dump Session ID only,,
11,11.2,ML — Random forest,ML,Working — Same / Relevant Field,Working Same/Relevant Field · 2 sessions/week · 12-week milestone,PDSU06-MU02_S01: Random Forest,685a96e6a44425acb388dce5,3,New Scene IA,5m14s,314.17,https://cdn.masaischool.com/sal-videos/685a96e6a44425acb388dce5/685a8d0ddb962067e0e71b45/master.m3u8,PASS — ML,Topics[:src] of Dump Session ID only,,
11,11.2,ML — Random forest,ML,Working — Same / Relevant Field,Working Same/Relevant Field · 2 sessions/week · 12-week milestone,PDSU06-MU02_S01: Random Forest,685a96e6a44425acb388dce5,4,New Scene 2.0,13m05s,785.37,https://cdn.masaischool.com/sal-videos/68c7f80575af73abc4b13ccc/685a8d15db962067e0e71bad/master.m3u8,PASS — ML,Topics[:src] of Dump Session ID only,,
11,11.2,ML — Random forest,ML,Working — Same / Relevant Field,Working Same/Relevant Field · 2 sessions/week · 12-week milestone,PDSU06-MU02_S01: Random Forest,685a96e6a44425acb388dce5,5,New Scene 2.1,5m05s,305.37,https://cdn.masaischool.com/sal-videos/688782f614073865a364180d/685a8d1cdb962067e0e71bf6/master.m3u8,PASS — ML,Topics[:src] of Dump Session ID only,,
11,11.2,ML — Random forest,ML,Working — Same / Relevant Field,Working Same/Relevant Field · 2 sessions/week · 12-week milestone,PDSU06-MU02_S01: Random Forest,685a96e6a44425acb388dce5,6,New Scene 3.0,24m02s,1441.9,https://cdn.masaischool.com/sal-videos/68a5c823fb2230f4566c3e01/685a8d25beff34efeffa051a/master.m3u8,PASS — ML,Topics[:src] of Dump Session ID only,,
11,11.2,ML — Random forest,ML,Working — Same / Relevant Field,Working Same/Relevant Field · 2 sessions/week · 12-week milestone,PDSU06-MU02_S01: Random Forest,685a96e6a44425acb388dce5,7,New Scene 3.1,5m02s,301.63,https://cdn.masaischool.com/sal-videos/68c7f80575af73abc4b13ccc/685a8d2edb962067e0e71ca1/master.m3u8,PASS — ML,Topics[:src] of Dump Session ID only,,
12,12.1,ML — K-Means clustering,ML,Working — Same / Relevant Field,Working Same/Relevant Field · 2 sessions/week · 12-week milestone,PDSU06-MU02_S02: K-Means Clustering,685bd7c4a44425acb3b905ab,1,Scene 1,29m21s,1760.7,https://cdn.masaischool.com/sal-videos/68a9ae84fb2230f45693de28/685bc4ce530904ec67b5a0bc/master.m3u8,PASS — ML,Topics[:src] of Dump Session ID only,,
12,12.1,ML — K-Means clustering,ML,Working — Same / Relevant Field,Working Same/Relevant Field · 2 sessions/week · 12-week milestone,PDSU06-MU02_S02: K-Means Clustering,685bd7c4a44425acb3b905ab,2,Scene 2,4m03s,243.1,https://cdn.masaischool.com/sal-videos/68a9ae84fb2230f45693de28/685bc4dca6c174c3ca7eb8f6/master.m3u8,PASS — ML,Topics[:src] of Dump Session ID only,,
12,12.1,ML — K-Means clustering,ML,Working — Same / Relevant Field,Working Same/Relevant Field · 2 sessions/week · 12-week milestone,PDSU06-MU02_S02: K-Means Clustering,685bd7c4a44425acb3b905ab,3,Scene IA,5m01s,300.97,https://cdn.masaischool.com/sal-videos/68a9ae84fb2230f45693de28/685bc4ee530904ec67b5a1c2/master.m3u8,PASS — ML,Topics[:src] of Dump Session ID only,,
12,12.1,ML — K-Means clustering,ML,Working — Same / Relevant Field,Working Same/Relevant Field · 2 sessions/week · 12-week milestone,PDSU06-MU02_S02: K-Means Clustering,685bd7c4a44425acb3b905ab,4,Scene 1,10m02s,601.5,https://cdn.masaischool.com/sal-videos/68a9ae84fb2230f45693de28/685bc4f9da5f39a3fc064a59/master.m3u8,PASS — ML,Topics[:src] of Dump Session ID only,,
12,12.1,ML — K-Means clustering,ML,Working — Same / Relevant Field,Working Same/Relevant Field · 2 sessions/week · 12-week milestone,PDSU06-MU02_S02: K-Means Clustering,685bd7c4a44425acb3b905ab,5,Scene 2,5m02s,302.3,https://cdn.masaischool.com/sal-videos/692803aaf40b4e4e61087c77/685bc507530904ec67b5a29b/master.m3u8,PASS — ML,Topics[:src] of Dump Session ID only,,
12,12.2,ML — KNN & Naive Bayes,ML,Working — Same / Relevant Field,Working Same/Relevant Field · 2 sessions/week · 12-week milestone,PDSU06-MU02_S03: KNN & Naive Bayes,6853f59509d27a7b70bdb6a6,1,New Scene 1.0,34m13s,2052.7,https://cdn.masaischool.com/sal-videos/68873c8214073865a35cf4fb/6853ea90c00d01d53742f181/master.m3u8,PASS — ML,Topics[:src] of Dump Session ID only,,
12,12.2,ML — KNN & Naive Bayes,ML,Working — Same / Relevant Field,Working Same/Relevant Field · 2 sessions/week · 12-week milestone,PDSU06-MU02_S03: KNN & Naive Bayes,6853f59509d27a7b70bdb6a6,2,New Scene 1.1,4m03s,242.97,https://cdn.masaischool.com/sal-videos/68be89585585f2fcce5f0de3/6853eaa01ead5e2ea452da78/master.m3u8,PASS — ML,Topics[:src] of Dump Session ID only,,
12,12.2,ML — KNN & Naive Bayes,ML,Working — Same / Relevant Field,Working Same/Relevant Field · 2 sessions/week · 12-week milestone,PDSU06-MU02_S03: KNN & Naive Bayes,6853f59509d27a7b70bdb6a6,3,New Scene IA,5m01s,300.97,https://cdn.masaischool.com/sal-videos/68be89585585f2fcce5f0de3/6853eab33f5b603c8709fbf2/master.m3u8,PASS — ML,Topics[:src] of Dump Session ID only,,
12,12.2,ML — KNN & Naive Bayes,ML,Working — Same / Relevant Field,Working Same/Relevant Field · 2 sessions/week · 12-week milestone,PDSU06-MU02_S03: KNN & Naive Bayes,6853f59509d27a7b70bdb6a6,4,New Scene 2.0,31m52s,1911.9,https://cdn.masaischool.com/sal-videos/68be89585585f2fcce5f0de3/6853eaf31ead5e2ea452ddd0/master.m3u8,PASS — ML,Topics[:src] of Dump Session ID only,,
12,12.2,ML — KNN & Naive Bayes,ML,Working — Same / Relevant Field,Working Same/Relevant Field · 2 sessions/week · 12-week milestone,PDSU06-MU02_S03: KNN & Naive Bayes,6853f59509d27a7b70bdb6a6,5,New Scene 2.1,4m00s,240.3,https://cdn.masaischool.com/sal-videos/68be89585585f2fcce5f0de3/6853eb07c00d01d53742f617/master.m3u8,PASS — ML,Topics[:src] of Dump Session ID only,,
12,12.2,ML — KNN & Naive Bayes,ML,Working — Same / Relevant Field,Working Same/Relevant Field · 2 sessions/week · 12-week milestone,PDSU06-MU02_S03: KNN & Naive Bayes,6853f59509d27a7b70bdb6a6,6,New Scene 3.0,13m02s,782.17,https://cdn.masaischool.com/sal-videos/68873c8214073865a35cf4fb/6853eb113f5b603c8709ff68/master.m3u8,PASS — ML,Topics[:src] of Dump Session ID only,,
12,12.2,ML — KNN & Naive Bayes,ML,Working — Same / Relevant Field,Working Same/Relevant Field · 2 sessions/week · 12-week milestone,PDSU06-MU02_S03: KNN & Naive Bayes,6853f59509d27a7b70bdb6a6,7,New Scene 3.1,3m52s,231.5,https://cdn.masaischool.com/sal-videos/68873c8214073865a35cf4fb/6853f3d83f5b603c870a6816/master.m3u8,PASS — ML,Topics[:src] of Dump Session ID only,,
