Week,Session Number,Title,Domain,Title from Dump,Dump Session ID,Part Names (Topics),Content Fit,Topics URL QC,Notes,Dump Data Warning
1,1.1,Python — Introduction to programming + Python basics,Python,FDN_Tech_1: Python Basics and Problem Discussions,6a324afd70f9341990ad7cfb,1. Introduction to programming language | 2. Introduction to programming language - Revision | 3. Introduction to programming language - IA Discussion | 4. Introduction to python and variables | 5. Introduction to python and variables - Revision | 6. Introduction to data types | 7. Introduction to data types - Revision | 8. Session Feedback,PASS — Python/AIML Topics or Python-track title,PASS,matched (8 parts) · content-fit OK,
1,1.2,Python — Operators and conditional statements,Python,FDN_Tech_2: Python Building Block: Operators and conditional statements in python,6a2bf91c71a0310a05c77ddd,1. Mathematical operators | 2. Mathematical operators - Revision | 3. Mathematical operators - IA Discussion | 4. Conditional statements | 5. Conditional statements - Revision,PASS — Python/AIML Topics or Python-track title,PASS,matched (5 parts) · content-fit OK,
1,1.3,Python — Control flow: conditionals and loops,Python,FDN_Tech_3: Mastering Control Flow: Conditional and Loop in Python,6a3526ea70f9341990b1a706,1. While Loops - Concept | 2. While Loops - Revision | 3. IA Discussion | 4. For Loops - Concept | 5. For Loops - Revision | 6. IA Discussion,PASS — Python/AIML Topics or Python-track title,PASS,matched (6 parts) · content-fit OK,
2,2.1,"Python — break, continue, and nested loops",Python,"FDN_Tech_4: Understanding break, continue, and Nested Loops",6a3e87829cb306ef33d40829,1. Break and Continue concept | 2. Break and Continue Revision | 3. IA Discussion | 4. Nested Loops Concept | 5. Nested Loops Revision,PASS — Python/AIML Topics or Python-track title,PASS,matched (5 parts) · content-fit OK,
2,2.2,"Python — IDEs, Anaconda, loops & conditionals in action",Python,"PTBAM01S1_2504_S01: IDEs, Control Flow, and Data Structures",678e69ed675aec20b216e605,1. Ides & Anaconda Installation Concept | 2. Ides & Anaconda Installation Revision | 3. IA Discussion | 4. Loops and Conditionals statements in action Concept | 5. Loops and Conditionals statements in action Revision | 6. Data Structures in action concept | 7. Data Structures in action Revision,PASS — Python/AIML Topics or Python-track title,PASS,matched (7 parts) · content-fit OK,
2,2.3,Python — The power of functions,Python,PTBAM01S1_2512_S03: The Power of Python Functions,67d8647015193d6d14bd7954,1. New Scene | 2. New Scene | 3. New Scene | 4. New Scene | 5. New Scene | 6. New Scene | 7. New Scene,PASS — Python/AIML Topics or Python-track title,PASS,matched (7 parts) · content-fit OK,
3,3.1,Python — Advanced functions,Python,CC_Block_02_S01: Advanced Python Functions,684fbecedceadf1bb49a7627,1. New Scene | 2. New Scene | 3. New Scene | 4. New Scene | 5. New Scene | 6. New Scene | 7. New Scene,PASS — Python/AIML Topics or Python-track title,PASS,matched (7 parts) · content-fit OK,
3,3.2,"Python — Role in data science, regex & exception handling",Python,PTBAM01S1_2504_S02: Mastering Regex and Exception Handling,678f4dbb675aec20b221bf7e,1. Python's Role in Data Science: A High-Level Overview Concept | 2. Python's Role in Data Science: A High-Level Overview Revision | 3. IA Discussion | 4. Mastering Regex: Unlock the Power of Pattern Matching Concept | 5. Mastering Regex: Unlock the Power of Pattern Matching Revision | 6. Exception Handling: Building Resilient Python Applications Concept | 7. Exception Handling: Building Resilient Python Applications Revision,PASS — Python/AIML Topics or Python-track title,PASS,matched (7 parts) · content-fit OK,
3,3.3,Python — Code modularization,Python,PTBAM01S2_2505_S01: Understanding the Code Modulerization,6797d2138e04cb37cb880056,1. New Scene | 2. New Scene | 3. IA Discussion | 4. New Scene | 5. New Scene | 6. New Scene | 7. New Scene,PASS — Python/AIML Topics or Python-track title,PASS,matched (7 parts) · content-fit OK,
4,4.1,"Python — Data structures (lists, strings, sets, tuples, dicts)",Python,PTBAM00S1_2504_S05: Data Structures in Python,67938e5f5c1716b998075305,1. Lists - Concept | 2. Lists - Revision | 3. IA Discussion | 4. Strings - Concept | 5. Strings - Revision | 6. Set and Tuples | 7. Set and Tuples - Revision | 8. Dictionaries | 9. Dictionaries,PASS — Python/AIML Topics or Python-track title,PASS,matched (9 parts) · content-fit OK,
4,4.2,"Python — Classes, objects and constructors (OOP)",Python,PTBAM01S2_2505_S02: Application of class objects and constructos,6798cb875968d8d661c53158,1. New Scene | 2. New Scene | 3. New Scene | 4. New Scene | 5. New Scene | 6. New Scene | 7. New Scene,PASS — Python/AIML Topics or Python-track title,PASS,matched (7 parts) · content-fit OK,
4,4.3,Git and GitHub — introduction,Python,FTSDM01S2_2512_JS_S02: Introduction to Git and Github,67d8547915193d6d14bd1196,1. New Scene | 2. New Scene | 3. IA Discussion | 4. New Scene | 5. New Scene,PASS — Git (language-agnostic tool),PASS,matched (5 parts) · content-fit OK,
5,5.1,Python — Problem solving with loops (Python-track preferred),Python,not available,,not available,REJECT/NA,n/a,not available — no Python-verified Problem Solving Loops in dump (FTSDM PS rejected as full-stack),
5,5.2,File handling in Python (CSV / JSON intro),Python,not available,,not available,REJECT/NA,n/a,not available — File handling Topics not found,
5,5.3,Python Prep / practice consolidation,Python,Python Prep Session,67865c798645e0134f592718,1. New Scene | 2. New Scene | 3. New Scene | 4. New Scene | 5. New Scene | 6. New Scene | 7. New Scene,PASS — Python/AIML Topics or Python-track title,PASS,matched (7 parts) · content-fit OK,
6,6.1,SQL — Introduction to SQL and databases,SQL,FTTEM03S2_2514_JSQ206_S01: Introduction to SQL and Databases,67eb02aa3a4f39308727e9fb,1. Subtopic 1 | 2. Subtopic 1 Pitfall | 3. IA Discussion | 4. Subtopic 2 | 5. Subtopic 2 Pitfall,PASS — SQL Topics/title,PASS,matched (5 parts) · content-fit OK,
6,6.2,"SQL — Searching, filtering & power functions",SQL,"CC_BLOCK_2_S2:Data Sleuthing: Searching, Filtering & Power Functions in SQL",68598b79a44425acb3641210,1. Searching in SQL using LIKE | 2. Searching in SQL using LIKE - Rev | 3. IA Discussion | 4. Searching using BETWEEN | 5. Searching using BETWEEN - Rev | 6. Aggregate Function in SQL | 7. Aggregate Function in SQL - Rev | 8. String Function in SQL | 9. String Function in SQL - Rev | 10. Power fuctions in SQL | 11. Power fuctions in SQL - Rev,PASS — SQL Topics/title,PASS,matched (11 parts) · content-fit OK,
6,6.3,"SQL — Aggregations: GROUP BY, HAVING, ORDER BY, LIMIT",SQL,"PBAU02-MU01_S01: Mastering Aggregations: GROUP BY, HAVING, ORDER BY, LIMIT  Demystified",68342d6a907eb74ce68dd391,1. Grouping of data in categories | 2. Grouping of data in categories | 3. IA Discussion | 4. Group by with Having | 5. Group by with Having | 6. Ordering of data | 7. Ordering of data | 8. Limiting the data | 9. Limiting the data | 10. Understanding the order of execution of a query | 11. Understanding the order of execution of a query,PASS — SQL Topics/title,PASS,matched (11 parts) · content-fit OK,
7,7.1,SQL — Joins: connecting relational tables,SQL,PBAU02-MU01_S02: Mastering SQL Joins: Connecting the Dots in Relational Databases,68342d6a907eb74ce68dd9de,1. Recogning the need of joins while fetching data | 2. Recogning the need of joins while fetching data | 3. IA Discussion | 4. Understanding the left and right join | 5. Understanding the left and right join | 6. Understanding the inner and outer join | 7. Understanding the inner and outer join | 8. Understanding the cross and self join | 9. Understanding the cross and self join | 10. Summary | 11. Summary,PASS — SQL Topics/title,PASS,matched (11 parts) · content-fit OK,
7,7.2,SQL — Subqueries,SQL,CC_BLOCK_2_S2:Subqueries,685c366fa44425acb3cc0af4,1. New Scene | 2. New Scene | 3. IA Discussion | 4. New Scene | 5. Subtopic-2 Pitfall | 6. New Scene | 7. Summary,PASS — SQL Topics/title,PASS,matched (7 parts) · content-fit OK,
7,7.3,SQL — Window functions: ranking data,SQL,CC_BLOCK_2_S2:Window Functions: Ranking Data in Style,685d8b8da44425acb3013e15,1. Need for window functions in sql | 2. Need for window functions in sql - Pitfall | 3. Need for window functions in sql - IA Session | 4. Understanding the structure of query | 5. Understanding the structure of query - Pitfall | 6. Different types of ranking window functions | 7. Different types of ranking window functions - Pitfall | 8. Subtopic 4 | 9. Summary,PASS — SQL Topics/title,PASS,matched (9 parts) · content-fit OK,
8,8.1,Excel — Functions in Excel,Excel,CCP_BLOCK_1_S04: Functions in Excel,6845ea7d618c426169ee2dd8,1. Scene 1 | 2. rev 1 | 3. IA Discussion | 4. Scene 2 | 5. rev 2 | 6. Scene 3 | 7. rev 3,PASS — Excel Topics/title,PASS,matched (7 parts) · content-fit OK,
8,8.2,"Excel — VLOOKUP, XLOOKUP & HLOOKUP",Excel,"cc_b4_s2 : VLookup, XLookup & HLookup",68b7b86f5585f2fcceed0032,1. Scene 1 | 2. Scene 2 | 3. IA Scene | 4. Scene 1 | 5. Scene 2 | 6. Scene 1,PASS — Excel Topics/title,PASS,matched (6 parts) · content-fit OK,WARNING: Same CDN video set as session 8.3 (Pivot tables). Verify content before use; dump may have mislinked Pivot vs VLookup.
8,8.3,Excel — Pivot tables and charts,Excel,CCP_BLOCK_1_S04: Pivot tables and charts,684738c2618c426169074cba,1. Scene 1 | 2. Scene 2 | 3. IA Scene | 4. Scene 1 | 5. Scene 2 | 6. Scene 1,PASS — Excel Topics/title,PASS,matched (6 parts) · content-fit OK · WARNING: same CDN video set as VLookup in dump — verify,WARNING: Same CDN video set as session 8.2 (VLOOKUP). Verify content before use; dump may have mislinked Pivot vs VLookup.
9,9.1,Excel — End-to-end dashboard,Excel,CCP_Block_1_S04: End to End Dashboard,684b121bdceadf1bb4805464,1. New Scene | 2. New Scene | 3. New Scene | 4. New Scene | 5. New Scene,PASS — Excel Topics/title,PASS,matched (5 parts) · content-fit OK,
9,9.2,"NumPy — Arrays, operations & applications",Analytics,CC_BLOCK_2_S1:Applications of Numpy,685306bd09d27a7b709a3c83,1. New Scene | 2. New Scene | 3. New Scene | 4. New Scene | 5. New Scene | 6. New Scene | 7. New Scene,PASS — Analytics Topics,PASS,matched (7 parts) · content-fit OK,
9,9.3,Pandas — Introduction (Series & DataFrames),Analytics,CCP_BLOCK_1: Introduction to Pandas,6840a130b3353985f57d6caf,1. New Scene | 2. New Scene | 3. New Scene | 4. New Scene | 5. New Scene | 6. New Scene | 7. New Scene,PASS — Analytics Topics,PASS,matched (7 parts) · content-fit OK,
10,10.1,Pandas/EDA — Data cleaning and preprocessing (from EDA case study),Analytics,CC_BLOCK_2_S1:EDA case study - 1 (Beginning),68546e3109d27a7b70ca787e,1. Understanding the dataset concept | 2. Understanding the dataset concept - Rev | 3. New Scene | 4. Data cleaning and preprocessing concept | 5. Data cleaning and preprocessing concept - Rev | 6. Identifying trends concept | 7. Identifying trends concept - Rev,PASS — Analytics Topics,PASS,"matched (7 parts) · content-fit OK · CONTENT NOTE — dedicated Pandas cleaning title not found; using EDA Beginning because Topics include ""Data cleaning and preprocessing""",
10,10.2,"Pandas — Grouping, filtering, and merging",Analytics,"CC_BLOCK_2_S1:Data Analysis with Pandas: Grouping, Filtering, and Merging",68507f8709d27a7b702f3c64,1. New Scene | 2. New Scene | 3. New Scene | 4. New Scene | 5. New Scene | 6. New Scene | 7. New Scene,PASS — Analytics Topics,PASS,matched (7 parts) · content-fit OK,
10,10.3,Data Visualization — Matplotlib & Seaborn,Analytics,CC_BLOCK_2_S1:Data Visualization with seaborn and matplotlib,6851619c09d27a7b704f2296,1. New Scene | 2. New Scene | 3. New Scene | 4. New Scene | 5. New Scene | 6. New Scene | 7. New Scene,PASS — Analytics Topics,PASS,matched (7 parts) · content-fit OK,
11,11.1,EDA Case Study 2 — Beginning,Analytics,PTDSM1S4_2503_S01_DS: EDA case study - 2 (Beginning),678652078645e0134f58fbdf,1. New Scene | 2. New Scene | 3. New Scene | 4. New Scene | 5. New Scene | 6. New Scene | 7. New Scene,PASS — Analytics Topics,PASS,matched (7 parts) · content-fit OK,
11,11.2,EDA Case Study — Conclusion,Analytics,CC_BLOCK_2_S1:EDA case study - 1 (Conclusion),6855a49709d27a7b70000b33,1. Generating insights from data concept | 2. Generating insights from data Revision | 3. IA Discussion | 4. Visualizing results concept | 5. Visualizing results revision | 6. Summarizing findings concept | 7. Summarizing findings revision,PASS — Analytics Topics,PASS,matched (7 parts) · content-fit OK,
11,11.3,"Maths — Arithmetic essentials: averages, ratios, percentages",Maths,"PBAU08-MU01_S01: Arithmetic Essentials: Averages, Ratios, Percentages",6846b22b618c42616900145e,1. New Scene 1.0 | 2. New Scene 1.1 | 3. New Scene 2.0 | 4. New Scene 2.1 | 5. New Scene 3.0 | 6. New Scene 3.1,PASS — Maths Topics,PASS,matched (6 parts) · content-fit OK,
12,12.1,Maths — Statistics in data science,Maths,CCP_Block_1: The Power of Numbers: Unveiling Statistics in Data Science,68409664b3353985f57d175d,"1. What is Statistics and Its Role in Data Science | 2. Understanding Data Types (Categorical & Numerical) | 3. Understanding Data Types (Categorical & Numerical) - Pitfall | 4. Types of Numerical Data (Discrete & Continuous) | 5. Types of Numerical Data (Discrete & Continuous) - Pitfall | 6. Scales of Measurement (Nominal, Ordinal, Interval, Ratio) | 7. Scales of Measurement (Nominal, Ordinal, Interval, Ratio) - Pitfall | 8. IA Discussion | 9. Summary",PASS — Maths Topics,PASS,matched (9 parts) · content-fit OK,
12,12.2,Maths — Central tendency and dispersion,Maths,PDSU04-MU02_S02: The Heart of Data: Central Tendency and Dispersion Demystified,68468868618c426169f46d3b,"1. Introduction to Frequency Tables and Class Intervals | 2. Introduction to Frequency Tables and Class Intervals - Pitfall | 3. IA Discussion | 4. Visualizing Data: Histograms, Bar Charts, and Pie Charts | 5. Visualizing Data: Histograms, Bar Charts, and Pie Charts - Pitfall | 6. Data Distributions (Uniform, Normal, and Skewed) | 7. Data Distributions (Uniform, Normal, and Skewed) - Pitfall | 8. Summary",PASS — Maths Topics,PASS,matched (8 parts) · content-fit OK,
12,12.3,Maths — Probability distributions,Maths,PBAU04-MU01_S02: Probability Distribution,68342d6c907eb74ce68e686a,1. Introduction and Types of Probability Distribution | 2. Introduction and Types of Probability Distribution - Pitfall | 3. IA Discussion | 4. Binomial distribution | 5. Poissons distribution | 6. Poissons distribution - Pitfall | 7. Summary,PASS — Maths Topics,PASS,matched (7 parts) · content-fit OK,
13,13.1,Maths — Hypothesis testing & Z-test,Maths,PBAU05-MU01_S01: Testing the Hypothesis: Fundamentals of Hypothesis Testing and the Z-Test,684fcf75dceadf1bb49f1383,1. New Scene 1.0 | 2. New Scene1.1 | 3. New Scene IA | 4. New Scene 2.0 | 5. New Scene | 6. New Scene 3.1 | 7. New Scene 3.2 | 8. New Scene,PASS — Maths Topics,PASS,matched (8 parts) · content-fit OK,
13,13.2,Maths — Inferential statistics using Python,Maths,PDSU05-MU01_S03: Inferential Statistics using Python,68380c2d907eb74ce6e38b6c,1. Scene 1 | 2. Scene 2 | 3. Scene IA | 4. Scene 1 | 5. Scene 2 | 6. Scene 1 | 7. Scene 2 | 8. Scene Summary,PASS — Maths Topics,PASS,matched (8 parts) · content-fit OK,
13,13.3,"Maths — Vectors, matrices, derivatives & gradient descent",Maths,not available,,not available,REJECT/NA,n/a,not available — Vectors/matrices/GD Topics not found,
14,14.1,ML — Introduction to machine learning,ML,PDSU06-MU02_S01: Introduction to Machine Learning & Problem-Solving Approach,6847ec2f618c426169120bf6,1. New Scene 1.0 | 2. New Scene | 3. New Scene 2.0 | 4. New Scene 2.1 | 5. New Scene 3.0 | 6. New Scene 3.1,PASS — ML Topics/title,PASS,matched (6 parts) · content-fit OK,
14,14.2,ML — Encoding & linear regression,ML,PDSU06-MU02_S04: Encoding & Linear Regression,684c0917dceadf1bb4852a77,1. New Scene 1.0 | 2. New Scene 1.1 | 3. New Scene IA | 4. New Scene 2.0 | 5. New Scene 2.1 | 6. New Scene 3.0 | 7. New Scene 3.1 | 8. New Scene 4.0 | 9. New Scene 4.1,PASS — ML Topics/title,PASS,matched (9 parts) · content-fit OK,
14,14.3,ML — Logistic regression,ML,PDSU06-MU02_S01: Logistic Regression,68513d8709d27a7b70442869,1. New Scene 1.0 | 2. New Scene 1.1 | 3. New Scene IA | 4. New Scene 2.0 | 5. New Scene 2.1 | 6. New Scene 3.0 | 7. New Scene 3.1,PASS — ML Topics/title,PASS,matched (7 parts) · content-fit OK,
15,15.1,ML — Decision trees,ML,PDSU06-MU02_S04: Decision Tree,685530e109d27a7b70e921c1,1. New Scene 1.0 | 2. New Scene 1.1 | 3. New Scene IA | 4. New Scene 2.0 | 5. New Scene 2.1 | 6. New Scene 3.0 | 7. New Scene 3.1,PASS — ML Topics/title,PASS,matched (7 parts) · content-fit OK,
15,15.2,ML — Random forest,ML,PDSU06-MU02_S01: Random Forest,685a96e6a44425acb388dce5,1. New Scene 1.0 | 2. New Scene 1.1 | 3. New Scene IA | 4. New Scene 2.0 | 5. New Scene 2.1 | 6. New Scene 3.0 | 7. New Scene 3.1,PASS — ML Topics/title,PASS,matched (7 parts) · content-fit OK,
15,15.3,ML — K-Means clustering,ML,PDSU06-MU02_S02: K-Means Clustering,685bd7c4a44425acb3b905ab,1. Scene 1 | 2. Scene 2 | 3. Scene IA | 4. Scene 1 | 5. Scene 2,PASS — ML Topics/title,PASS,matched (5 parts) · content-fit OK,
