Week,Session Number,Title,Domain,Persona,Title from Dump,Dump Session ID,Part Count,Video Part Names,Video Links (all parts from Topics),Video Links JSON,Total Parts Duration,Content Fit,Topics QC,Dump Data Warning,Match Status,Recording Needed,Plan
1,1.1,Python mid — The power of functions,Python,Working — Same / Relevant Field,PTBAM01S1_2512_S03: The Power of Python Functions,67d8647015193d6d14bd7954,7,"1. New Scene
2. New Scene
3. New Scene
4. New Scene
5. New Scene
6. New Scene
7. New Scene","1. https://cdn.masaischool.com/sal-videos/676e9013631470e143da5fac/676e8dc299aa18a0c2743938/master.m3u8
2. https://cdn.masaischool.com/sal-videos/676e9013631470e143da5fac/676e8de0f936951f1cb65f17/master.m3u8
3. https://cdn.masaischool.com/sal-videos/676e9013631470e143da5fac/676e8f0799aa18a0c27449bb/master.m3u8
4. https://cdn.masaischool.com/sal-videos/676e9013631470e143da5fac/676e8e1599aa18a0c2743caf/master.m3u8
5. https://cdn.masaischool.com/sal-videos/676e9013631470e143da5fac/676e8e0199aa18a0c2743bf9/master.m3u8
6. https://cdn.masaischool.com/sal-videos/676e9013631470e143da5fac/676e8e46f936951f1cb66352/master.m3u8
7. https://cdn.masaischool.com/sal-videos/676e9013631470e143da5fac/676e8e65f936951f1cb664a4/master.m3u8","[{""part"": 1, ""name"": ""New Scene"", ""duration_sec"": 2247.55, ""url"": ""https://cdn.masaischool.com/sal-videos/676e9013631470e143da5fac/676e8dc299aa18a0c2743938/master.m3u8""}, {""part"": 2, ""name"": ""New Scene"", ""duration_sec"": 522.083, ""url"": ""https://cdn.masaischool.com/sal-videos/676e9013631470e143da5fac/676e8de0f936951f1cb65f17/master.m3u8""}, {""part"": 3, ""name"": ""New Scene"", ""duration_sec"": 344.75, ""url"": ""https://cdn.masaischool.com/sal-videos/676e9013631470e143da5fac/676e8f0799aa18a0c27449bb/master.m3u8""}, {""part"": 4, ""name"": ""New Scene"", ""duration_sec"": 2266.683, ""url"": ""https://cdn.masaischool.com/sal-videos/676e9013631470e143da5fac/676e8e1599aa18a0c2743caf/master.m3u8""}, {""part"": 5, ""name"": ""New Scene"", ""duration_sec"": 1123.283, ""url"": ""https://cdn.masaischool.com/sal-videos/676e9013631470e143da5fac/676e8e0199aa18a0c2743bf9/master.m3u8""}, {""part"": 6, ""name"": ""New Scene"", ""duration_sec"": 1484.283, ""url"": ""https://cdn.masaischool.com/sal-videos/676e9013631470e143da5fac/676e8e46f936951f1cb66352/master.m3u8""}, {""part"": 7, ""name"": ""New Scene"", ""duration_sec"": 1093.817, ""url"": ""https://cdn.masaischool.com/sal-videos/676e9013631470e143da5fac/676e8e65f936951f1cb664a4/master.m3u8""}]",151m22s,PASS — Python,PASS,,matched (7 parts) · content-fit OK · Same-field brush-up,,Working Same/Relevant Field · 2 sessions/week · 8-week milestone
1,1.2,Python mid — Advanced functions,Python,Working — Same / Relevant Field,CC_Block_02_S01: Advanced Python Functions,684fbecedceadf1bb49a7627,7,"1. New Scene
2. New Scene
3. New Scene
4. New Scene
5. New Scene
6. New Scene
7. New Scene","1. https://cdn.masaischool.com/sal-videos/676edd0c631470e143e02dbe/676ed5804ee6c592aacf519f/master.m3u8
2. https://cdn.masaischool.com/sal-videos/676edd0c631470e143e02dbe/676ed5a199aa18a0c27639cf/master.m3u8
3. https://cdn.masaischool.com/sal-videos/676edd0c631470e143e02dbe/676ed6694ee6c592aacf582e/master.m3u8
4. https://cdn.masaischool.com/sal-videos/676edd0c631470e143e02dbe/676ed5c34ee6c592aacf5396/master.m3u8
5. https://cdn.masaischool.com/sal-videos/676edd0c631470e143e02dbe/676ed5e499aa18a0c2763c17/master.m3u8
6. https://cdn.masaischool.com/sal-videos/676edd0c631470e143e02dbe/676ed6004ee6c592aacf554f/master.m3u8
7. https://cdn.masaischool.com/sal-videos/676edd0c631470e143e02dbe/676ed625f936951f1cb85d5d/master.m3u8","[{""part"": 1, ""name"": ""New Scene"", ""duration_sec"": 2512.75, ""url"": ""https://cdn.masaischool.com/sal-videos/676edd0c631470e143e02dbe/676ed5804ee6c592aacf519f/master.m3u8""}, {""part"": 2, ""name"": ""New Scene"", ""duration_sec"": 1218.15, ""url"": ""https://cdn.masaischool.com/sal-videos/676edd0c631470e143e02dbe/676ed5a199aa18a0c27639cf/master.m3u8""}, {""part"": 3, ""name"": ""New Scene"", ""duration_sec"": 364.283, ""url"": ""https://cdn.masaischool.com/sal-videos/676edd0c631470e143e02dbe/676ed6694ee6c592aacf582e/master.m3u8""}, {""part"": 4, ""name"": ""New Scene"", ""duration_sec"": 1722.017, ""url"": ""https://cdn.masaischool.com/sal-videos/676edd0c631470e143e02dbe/676ed5c34ee6c592aacf5396/master.m3u8""}, {""part"": 5, ""name"": ""New Scene"", ""duration_sec"": 1102.083, ""url"": ""https://cdn.masaischool.com/sal-videos/676edd0c631470e143e02dbe/676ed5e499aa18a0c2763c17/master.m3u8""}, {""part"": 6, ""name"": ""New Scene"", ""duration_sec"": 1453.417, ""url"": ""https://cdn.masaischool.com/sal-videos/676edd0c631470e143e02dbe/676ed6004ee6c592aacf554f/master.m3u8""}, {""part"": 7, ""name"": ""New Scene"", ""duration_sec"": 1035.95, ""url"": ""https://cdn.masaischool.com/sal-videos/676edd0c631470e143e02dbe/676ed625f936951f1cb85d5d/master.m3u8""}]",156m49s,PASS — Python,PASS,,matched (7 parts) · content-fit OK,,Working Same/Relevant Field · 2 sessions/week · 8-week milestone
2,2.1,Python mid — Data structures,Python,Working — Same / Relevant Field,PTBAM00S1_2504_S05: Data Structures in Python,67938e5f5c1716b998075305,9,"1. Lists - Concept
2. Lists - Revision
3. IA Discussion
4. Strings - Concept
5. Strings - Revision
6. Set and Tuples
7. Set and Tuples - Revision
8. Dictionaries
9. Dictionaries","1. https://cdn.masaischool.com/sal-videos/675c348086fcca88cd71aaed/675c31834b1ce9ca6c96d235/master.m3u8
2. https://cdn.masaischool.com/sal-videos/675c348086fcca88cd71aaed/675c322875669f4edaec6d0a/master.m3u8
3. https://cdn.masaischool.com/sal-videos/675c348086fcca88cd71aaed/675c32c575669f4edaec731b/master.m3u8
4. https://cdn.masaischool.com/sal-videos/675c348086fcca88cd71aaed/675c32614b1ce9ca6c96dc23/master.m3u8
5. https://cdn.masaischool.com/sal-videos/675c348086fcca88cd71aaed/675c329075669f4edaec703d/master.m3u8
6. https://cdn.masaischool.com/sal-videos/675d0c7686fcca88cd729342/675d0a70c9f25eced4da3de0/master.m3u8
7. https://cdn.masaischool.com/sal-videos/675d0c7686fcca88cd729342/675d0a9f75669f4edaf2da85/master.m3u8
8. https://cdn.masaischool.com/sal-videos/675d0c7686fcca88cd729342/675d0ac64b1ce9ca6c9d2eeb/master.m3u8
9. https://cdn.masaischool.com/sal-videos/675d0c7686fcca88cd729342/675d0ae975669f4edaf2dc3f/master.m3u8","[{""part"": 1, ""name"": ""Lists - Concept"", ""duration_sec"": 1765.5, ""url"": ""https://cdn.masaischool.com/sal-videos/675c348086fcca88cd71aaed/675c31834b1ce9ca6c96d235/master.m3u8""}, {""part"": 2, ""name"": ""Lists - Revision"", ""duration_sec"": 334.267, ""url"": ""https://cdn.masaischool.com/sal-videos/675c348086fcca88cd71aaed/675c322875669f4edaec6d0a/master.m3u8""}, {""part"": 3, ""name"": ""IA Discussion"", ""duration_sec"": 171.0, ""url"": ""https://cdn.masaischool.com/sal-videos/675c348086fcca88cd71aaed/675c32c575669f4edaec731b/master.m3u8""}, {""part"": 4, ""name"": ""Strings - Concept"", ""duration_sec"": 833.033, ""url"": ""https://cdn.masaischool.com/sal-videos/675c348086fcca88cd71aaed/675c32614b1ce9ca6c96dc23/master.m3u8""}, {""part"": 5, ""name"": ""Strings - Revision"", ""duration_sec"": 302.467, ""url"": ""https://cdn.masaischool.com/sal-videos/675c348086fcca88cd71aaed/675c329075669f4edaec703d/master.m3u8""}, {""part"": 6, ""name"": ""Set and Tuples"", ""duration_sec"": 2317.1, ""url"": ""https://cdn.masaischool.com/sal-videos/675d0c7686fcca88cd729342/675d0a70c9f25eced4da3de0/master.m3u8""}, {""part"": 7, ""name"": ""Set and Tuples - Revision"", ""duration_sec"": 223.733, ""url"": ""https://cdn.masaischool.com/sal-videos/675d0c7686fcca88cd729342/675d0a9f75669f4edaf2da85/master.m3u8""}, {""part"": 8, ""name"": ""Dictionaries"", ""duration_sec"": 1819.25, ""url"": ""https://cdn.masaischool.com/sal-videos/675d0c7686fcca88cd729342/675d0ac64b1ce9ca6c9d2eeb/master.m3u8""}, {""part"": 9, ""name"": ""Dictionaries"", ""duration_sec"": 303.45, ""url"": ""https://cdn.masaischool.com/sal-videos/675d0c7686fcca88cd729342/675d0ae975669f4edaf2dc3f/master.m3u8""}]",134m30s,PASS — Python,PASS,,matched (9 parts) · content-fit OK,,Working Same/Relevant Field · 2 sessions/week · 8-week milestone
2,2.2,"Python mid — OOP: classes, objects, constructors",Python,Working — Same / Relevant Field,PTBAM01S2_2505_S02: Application of class objects and constructos,6798cb875968d8d661c53158,7,"1. New Scene
2. New Scene
3. New Scene
4. New Scene
5. New Scene
6. New Scene
7. New Scene","1. https://cdn.masaischool.com/sal-videos/677670dae9b7943a15cd5af9/67765a280759e7f9b0766be5/master.m3u8
2. https://cdn.masaischool.com/sal-videos/677670dae9b7943a15cd5af9/67765ac96a4b9b81791cd6d9/master.m3u8
3. https://cdn.masaischool.com/sal-videos/677670dae9b7943a15cd5af9/67765bb06a4b9b81791cdb48/master.m3u8
4. https://cdn.masaischool.com/sal-videos/677670dae9b7943a15cd5af9/67765b03fa0467715ebb93af/master.m3u8
5. https://cdn.masaischool.com/sal-videos/677670dae9b7943a15cd5af9/67765b2a6a4b9b81791cd898/master.m3u8
6. https://cdn.masaischool.com/sal-videos/677670dae9b7943a15cd5af9/67765b586a4b9b81791cd9d7/master.m3u8
7. https://cdn.masaischool.com/sal-videos/677670dae9b7943a15cd5af9/67765b690759e7f9b07670fe/master.m3u8","[{""part"": 1, ""name"": ""New Scene"", ""duration_sec"": 1933.0, ""url"": ""https://cdn.masaischool.com/sal-videos/677670dae9b7943a15cd5af9/67765a280759e7f9b0766be5/master.m3u8""}, {""part"": 2, ""name"": ""New Scene"", ""duration_sec"": 981.483, ""url"": ""https://cdn.masaischool.com/sal-videos/677670dae9b7943a15cd5af9/67765ac96a4b9b81791cd6d9/master.m3u8""}, {""part"": 3, ""name"": ""New Scene"", ""duration_sec"": 324.0, ""url"": ""https://cdn.masaischool.com/sal-videos/677670dae9b7943a15cd5af9/67765bb06a4b9b81791cdb48/master.m3u8""}, {""part"": 4, ""name"": ""New Scene"", ""duration_sec"": 1996.817, ""url"": ""https://cdn.masaischool.com/sal-videos/677670dae9b7943a15cd5af9/67765b03fa0467715ebb93af/master.m3u8""}, {""part"": 5, ""name"": ""New Scene"", ""duration_sec"": 1208.483, ""url"": ""https://cdn.masaischool.com/sal-videos/677670dae9b7943a15cd5af9/67765b2a6a4b9b81791cd898/master.m3u8""}, {""part"": 6, ""name"": ""New Scene"", ""duration_sec"": 1516.75, ""url"": ""https://cdn.masaischool.com/sal-videos/677670dae9b7943a15cd5af9/67765b586a4b9b81791cd9d7/master.m3u8""}, {""part"": 7, ""name"": ""New Scene"", ""duration_sec"": 1000.55, ""url"": ""https://cdn.masaischool.com/sal-videos/677670dae9b7943a15cd5af9/67765b690759e7f9b07670fe/master.m3u8""}]",149m21s,PASS — Python,PASS,,matched (7 parts) · content-fit OK,,Working Same/Relevant Field · 2 sessions/week · 8-week milestone
3,3.1,"NumPy — Arrays, operations & applications",Analytics,Working — Same / Relevant Field,CC_BLOCK_2_S1:Applications of Numpy,685306bd09d27a7b709a3c83,7,"1. New Scene
2. New Scene
3. New Scene
4. New Scene
5. New Scene
6. New Scene
7. New Scene","1. https://cdn.masaischool.com/sal-videos/677e4518a70f8256bcb45ba2/677e42c7e0cb8781e5d98f86/master.m3u8
2. https://cdn.masaischool.com/sal-videos/677e4518a70f8256bcb45ba2/677e4334e0cb8781e5d99357/master.m3u8
3. https://cdn.masaischool.com/sal-videos/677e4518a70f8256bcb45ba2/677e4394e0cb8781e5d995ec/master.m3u8
4. https://cdn.masaischool.com/sal-videos/677e4518a70f8256bcb45ba2/677e43ffb935efdf9bb05e14/master.m3u8
5. https://cdn.masaischool.com/sal-videos/677e4518a70f8256bcb45ba2/677e4421e0cb8781e5d99978/master.m3u8
6. https://cdn.masaischool.com/sal-videos/677e4518a70f8256bcb45ba2/677e447bb935efdf9bb0613d/master.m3u8
7. https://cdn.masaischool.com/sal-videos/677e4518a70f8256bcb45ba2/677e449c2ce44e56b743d666/master.m3u8","[{""part"": 1, ""name"": ""New Scene"", ""duration_sec"": 2424.95, ""url"": ""https://cdn.masaischool.com/sal-videos/677e4518a70f8256bcb45ba2/677e42c7e0cb8781e5d98f86/master.m3u8""}, {""part"": 2, ""name"": ""New Scene"", ""duration_sec"": 744.883, ""url"": ""https://cdn.masaischool.com/sal-videos/677e4518a70f8256bcb45ba2/677e4334e0cb8781e5d99357/master.m3u8""}, {""part"": 3, ""name"": ""New Scene"", ""duration_sec"": 404.817, ""url"": ""https://cdn.masaischool.com/sal-videos/677e4518a70f8256bcb45ba2/677e4394e0cb8781e5d995ec/master.m3u8""}, {""part"": 4, ""name"": ""New Scene"", ""duration_sec"": 1600.35, ""url"": ""https://cdn.masaischool.com/sal-videos/677e4518a70f8256bcb45ba2/677e43ffb935efdf9bb05e14/master.m3u8""}, {""part"": 5, ""name"": ""New Scene"", ""duration_sec"": 685.817, ""url"": ""https://cdn.masaischool.com/sal-videos/677e4518a70f8256bcb45ba2/677e4421e0cb8781e5d99978/master.m3u8""}, {""part"": 6, ""name"": ""New Scene"", ""duration_sec"": 1915.15, ""url"": ""https://cdn.masaischool.com/sal-videos/677e4518a70f8256bcb45ba2/677e447bb935efdf9bb0613d/master.m3u8""}, {""part"": 7, ""name"": ""New Scene"", ""duration_sec"": 685.817, ""url"": ""https://cdn.masaischool.com/sal-videos/677e4518a70f8256bcb45ba2/677e449c2ce44e56b743d666/master.m3u8""}]",141m02s,PASS — Analytics,PASS,,matched (7 parts) · content-fit OK,,Working Same/Relevant Field · 2 sessions/week · 8-week milestone
3,3.2,Pandas — Introduction (Series & DataFrames),Analytics,Working — Same / Relevant Field,CCP_BLOCK_1: Introduction to Pandas,6840a130b3353985f57d6caf,7,"1. New Scene
2. New Scene
3. New Scene
4. New Scene
5. New Scene
6. New Scene
7. New Scene","1. https://cdn.masaischool.com/sal-videos/6777b543fc6513613e8bf4df/6777b1659c38d0850af9f076/master.m3u8
2. https://cdn.masaischool.com/sal-videos/6777b543fc6513613e8bf4df/6777b1851b5a37cd50ac6e84/master.m3u8
3. https://cdn.masaischool.com/sal-videos/6777b543fc6513613e8bf4df/6777b230f763ba76c47ffa9e/master.m3u8
4. https://cdn.masaischool.com/sal-videos/6777b543fc6513613e8bf4df/6777b1a69c38d0850af9f19e/master.m3u8
5. https://cdn.masaischool.com/sal-videos/6777b543fc6513613e8bf4df/6777b1c71b5a37cd50ac6fb2/master.m3u8
6. https://cdn.masaischool.com/sal-videos/6777b543fc6513613e8bf4df/6777b1ebf763ba76c47ff8fe/master.m3u8
7. https://cdn.masaischool.com/sal-videos/6777b543fc6513613e8bf4df/6777b20b9c38d0850af9f345/master.m3u8","[{""part"": 1, ""name"": ""New Scene"", ""duration_sec"": 2521.083, ""url"": ""https://cdn.masaischool.com/sal-videos/6777b543fc6513613e8bf4df/6777b1659c38d0850af9f076/master.m3u8""}, {""part"": 2, ""name"": ""New Scene"", ""duration_sec"": 721.017, ""url"": ""https://cdn.masaischool.com/sal-videos/6777b543fc6513613e8bf4df/6777b1851b5a37cd50ac6e84/master.m3u8""}, {""part"": 3, ""name"": ""New Scene"", ""duration_sec"": 333.417, ""url"": ""https://cdn.masaischool.com/sal-videos/6777b543fc6513613e8bf4df/6777b230f763ba76c47ffa9e/master.m3u8""}, {""part"": 4, ""name"": ""New Scene"", ""duration_sec"": 2880.883, ""url"": ""https://cdn.masaischool.com/sal-videos/6777b543fc6513613e8bf4df/6777b1a69c38d0850af9f19e/master.m3u8""}, {""part"": 5, ""name"": ""New Scene"", ""duration_sec"": 1090.283, ""url"": ""https://cdn.masaischool.com/sal-videos/6777b543fc6513613e8bf4df/6777b1c71b5a37cd50ac6fb2/master.m3u8""}, {""part"": 6, ""name"": ""New Scene"", ""duration_sec"": 1957.217, ""url"": ""https://cdn.masaischool.com/sal-videos/6777b543fc6513613e8bf4df/6777b1ebf763ba76c47ff8fe/master.m3u8""}, {""part"": 7, ""name"": ""New Scene"", ""duration_sec"": 675.417, ""url"": ""https://cdn.masaischool.com/sal-videos/6777b543fc6513613e8bf4df/6777b20b9c38d0850af9f345/master.m3u8""}]",169m39s,PASS — Analytics,PASS,,matched (7 parts) · content-fit OK,,Working Same/Relevant Field · 2 sessions/week · 8-week milestone
4,4.1,"Pandas — Grouping, filtering, and merging",Analytics,Working — Same / Relevant Field,"CC_BLOCK_2_S1:Data Analysis with Pandas: Grouping, Filtering, and Merging",68507f8709d27a7b702f3c64,7,"1. New Scene
2. New Scene
3. New Scene
4. New Scene
5. New Scene
6. New Scene
7. New Scene","1. https://cdn.masaischool.com/sal-videos/67783b1069403dcc7ee45247/677836b1e7b3bfa111d4119a/master.m3u8
2. https://cdn.masaischool.com/sal-videos/67783b1069403dcc7ee45247/677836d5abb26867fdbf44b3/master.m3u8
3. https://cdn.masaischool.com/sal-videos/67783b1069403dcc7ee45247/67783896abb26867fdbf4fce/master.m3u8
4. https://cdn.masaischool.com/sal-videos/67783b1069403dcc7ee45247/677836e1978f7e6e582a550a/master.m3u8
5. https://cdn.masaischool.com/sal-videos/67783b1069403dcc7ee45247/67783702abb26867fdbf45b4/master.m3u8
6. https://cdn.masaischool.com/sal-videos/67783b1069403dcc7ee45247/677837d2abb26867fdbf4a87/master.m3u8
7. https://cdn.masaischool.com/sal-videos/67783b1069403dcc7ee45247/67783811978f7e6e582a5bd9/master.m3u8","[{""part"": 1, ""name"": ""New Scene"", ""duration_sec"": 1994.083, ""url"": ""https://cdn.masaischool.com/sal-videos/67783b1069403dcc7ee45247/677836b1e7b3bfa111d4119a/master.m3u8""}, {""part"": 2, ""name"": ""New Scene"", ""duration_sec"": 600.483, ""url"": ""https://cdn.masaischool.com/sal-videos/67783b1069403dcc7ee45247/677836d5abb26867fdbf44b3/master.m3u8""}, {""part"": 3, ""name"": ""New Scene"", ""duration_sec"": 344.817, ""url"": ""https://cdn.masaischool.com/sal-videos/67783b1069403dcc7ee45247/67783896abb26867fdbf4fce/master.m3u8""}, {""part"": 4, ""name"": ""New Scene"", ""duration_sec"": 2534.35, ""url"": ""https://cdn.masaischool.com/sal-videos/67783b1069403dcc7ee45247/677836e1978f7e6e582a550a/master.m3u8""}, {""part"": 5, ""name"": ""New Scene"", ""duration_sec"": 780.55, ""url"": ""https://cdn.masaischool.com/sal-videos/67783b1069403dcc7ee45247/67783702abb26867fdbf45b4/master.m3u8""}, {""part"": 6, ""name"": ""New Scene"", ""duration_sec"": 1812.75, ""url"": ""https://cdn.masaischool.com/sal-videos/67783b1069403dcc7ee45247/677837d2abb26867fdbf4a87/master.m3u8""}, {""part"": 7, ""name"": ""New Scene"", ""duration_sec"": 720.55, ""url"": ""https://cdn.masaischool.com/sal-videos/67783b1069403dcc7ee45247/67783811978f7e6e582a5bd9/master.m3u8""}]",146m28s,PASS — Analytics,PASS,,matched (7 parts) · content-fit OK,,Working Same/Relevant Field · 2 sessions/week · 8-week milestone
4,4.2,Data Visualization — Matplotlib & Seaborn,Analytics,Working — Same / Relevant Field,CC_BLOCK_2_S1:Data Visualization with seaborn and matplotlib,6851619c09d27a7b704f2296,7,"1. New Scene
2. New Scene
3. New Scene
4. New Scene
5. New Scene
6. New Scene
7. New Scene","1. https://cdn.masaischool.com/sal-videos/677cff50e8bba9fc7e75e44d/677cf3bf005ccdfd036c3b38/master.m3u8
2. https://cdn.masaischool.com/sal-videos/677bc550b23b8bf91d5a5587/677bbd6c005ccdfd03665a30/master.m3u8
3. https://cdn.masaischool.com/sal-videos/677bc550b23b8bf91d5a5587/677bc0d4005ccdfd0366707d/master.m3u8
4. https://cdn.masaischool.com/sal-videos/677bc550b23b8bf91d5a5587/677bbf14e7b3bfa111e17cc5/master.m3u8
5. https://cdn.masaischool.com/sal-videos/677bc550b23b8bf91d5a5587/677bbf79556e37bd1d227a54/master.m3u8
6. https://cdn.masaischool.com/sal-videos/677bc550b23b8bf91d5a5587/677bc080005ccdfd03666e05/master.m3u8
7. https://cdn.masaischool.com/sal-videos/677bc550b23b8bf91d5a5587/677bc0a9556e37bd1d228592/master.m3u8","[{""part"": 1, ""name"": ""New Scene"", ""duration_sec"": 1576.283, ""url"": ""https://cdn.masaischool.com/sal-videos/677cff50e8bba9fc7e75e44d/677cf3bf005ccdfd036c3b38/master.m3u8""}, {""part"": 2, ""name"": ""New Scene"", ""duration_sec"": 840.0, ""url"": ""https://cdn.masaischool.com/sal-videos/677bc550b23b8bf91d5a5587/677bbd6c005ccdfd03665a30/master.m3u8""}, {""part"": 3, ""name"": ""New Scene"", ""duration_sec"": 337.617, ""url"": ""https://cdn.masaischool.com/sal-videos/677bc550b23b8bf91d5a5587/677bc0d4005ccdfd0366707d/master.m3u8""}, {""part"": 4, ""name"": ""New Scene"", ""duration_sec"": 4395.35, ""url"": ""https://cdn.masaischool.com/sal-videos/677bc550b23b8bf91d5a5587/677bbf14e7b3bfa111e17cc5/master.m3u8""}, {""part"": 5, ""name"": ""New Scene"", ""duration_sec"": 835.0, ""url"": ""https://cdn.masaischool.com/sal-videos/677bc550b23b8bf91d5a5587/677bbf79556e37bd1d227a54/master.m3u8""}, {""part"": 6, ""name"": ""New Scene"", ""duration_sec"": 1350.817, ""url"": ""https://cdn.masaischool.com/sal-videos/677bc550b23b8bf91d5a5587/677bc080005ccdfd03666e05/master.m3u8""}, {""part"": 7, ""name"": ""New Scene"", ""duration_sec"": 1170.0, ""url"": ""https://cdn.masaischool.com/sal-videos/677bc550b23b8bf91d5a5587/677bc0a9556e37bd1d228592/master.m3u8""}]",175m05s,PASS — Analytics,PASS,,matched (7 parts) · content-fit OK,,Working Same/Relevant Field · 2 sessions/week · 8-week milestone
5,5.1,"Excel — VLOOKUP, XLOOKUP & HLOOKUP",Excel,Working — Same / Relevant Field,"cc_b4_s2 : VLookup, XLookup & HLookup",68b7b86f5585f2fcceed0032,6,"1. Scene 1
2. Scene 2
3. IA Scene
4. Scene 1
5. Scene 2
6. Scene 1","1. https://cdn.masaischool.com/sal-videos/68623937a44425acb358e0f4/6811df9735a0578c601a88bd/master.m3u8
2. https://cdn.masaischool.com/sal-videos/68ecb1ae39def7aec89e0cdd/6811dfa98a78fc5b701529f9/master.m3u8
3. https://cdn.masaischool.com/sal-videos/68ecb1ae39def7aec89e0cdd/6811dfb635a0578c601a8a39/master.m3u8
4. https://cdn.masaischool.com/sal-videos/68ecb1ae39def7aec89e0cdd/6811dfc29af7de0c15c26332/master.m3u8
5. https://cdn.masaischool.com/sal-videos/689a47d75fcb3af5972dc499/6811dfcc8a78fc5b70152b79/master.m3u8
6. https://cdn.masaischool.com/sal-videos/689a47d75fcb3af5972dc499/6811dfdb8a78fc5b70152c31/master.m3u8","[{""part"": 1, ""name"": ""Scene 1"", ""duration_sec"": 1822.1, ""url"": ""https://cdn.masaischool.com/sal-videos/68623937a44425acb358e0f4/6811df9735a0578c601a88bd/master.m3u8""}, {""part"": 2, ""name"": ""Scene 2"", ""duration_sec"": 824.967, ""url"": ""https://cdn.masaischool.com/sal-videos/68ecb1ae39def7aec89e0cdd/6811dfa98a78fc5b701529f9/master.m3u8""}, {""part"": 3, ""name"": ""IA Scene"", ""duration_sec"": 375.533, ""url"": ""https://cdn.masaischool.com/sal-videos/68ecb1ae39def7aec89e0cdd/6811dfb635a0578c601a8a39/master.m3u8""}, {""part"": 4, ""name"": ""Scene 1"", ""duration_sec"": 2369.1, ""url"": ""https://cdn.masaischool.com/sal-videos/68ecb1ae39def7aec89e0cdd/6811dfc29af7de0c15c26332/master.m3u8""}, {""part"": 5, ""name"": ""Scene 2"", ""duration_sec"": 1077.6, ""url"": ""https://cdn.masaischool.com/sal-videos/689a47d75fcb3af5972dc499/6811dfcc8a78fc5b70152b79/master.m3u8""}, {""part"": 6, ""name"": ""Scene 1"", ""duration_sec"": 1428.467, ""url"": ""https://cdn.masaischool.com/sal-videos/689a47d75fcb3af5972dc499/6811dfdb8a78fc5b70152c31/master.m3u8""}]",131m38s,PASS — Excel,PASS,,matched (6 parts) · content-fit OK · Same-field Excel (no Functions),,Working Same/Relevant Field · 2 sessions/week · 8-week milestone
5,5.2,Excel — Pivot tables and charts,Excel,Working — Same / Relevant Field,CCP_BLOCK_1_S04: Pivot tables and charts,684738c2618c426169074cba,6,"1. Scene 1
2. Scene 2
3. IA Scene
4. Scene 1
5. Scene 2
6. Scene 1","1. https://cdn.masaischool.com/sal-videos/68623937a44425acb358e0f4/6811df9735a0578c601a88bd/master.m3u8
2. https://cdn.masaischool.com/sal-videos/68ecb1ae39def7aec89e0cdd/6811dfa98a78fc5b701529f9/master.m3u8
3. https://cdn.masaischool.com/sal-videos/68ecb1ae39def7aec89e0cdd/6811dfb635a0578c601a8a39/master.m3u8
4. https://cdn.masaischool.com/sal-videos/68ecb1ae39def7aec89e0cdd/6811dfc29af7de0c15c26332/master.m3u8
5. https://cdn.masaischool.com/sal-videos/689a47d75fcb3af5972dc499/6811dfcc8a78fc5b70152b79/master.m3u8
6. https://cdn.masaischool.com/sal-videos/689a47d75fcb3af5972dc499/6811dfdb8a78fc5b70152c31/master.m3u8","[{""part"": 1, ""name"": ""Scene 1"", ""duration_sec"": 1822.1, ""url"": ""https://cdn.masaischool.com/sal-videos/68623937a44425acb358e0f4/6811df9735a0578c601a88bd/master.m3u8""}, {""part"": 2, ""name"": ""Scene 2"", ""duration_sec"": 824.967, ""url"": ""https://cdn.masaischool.com/sal-videos/68ecb1ae39def7aec89e0cdd/6811dfa98a78fc5b701529f9/master.m3u8""}, {""part"": 3, ""name"": ""IA Scene"", ""duration_sec"": 375.533, ""url"": ""https://cdn.masaischool.com/sal-videos/68ecb1ae39def7aec89e0cdd/6811dfb635a0578c601a8a39/master.m3u8""}, {""part"": 4, ""name"": ""Scene 1"", ""duration_sec"": 2369.1, ""url"": ""https://cdn.masaischool.com/sal-videos/68ecb1ae39def7aec89e0cdd/6811dfc29af7de0c15c26332/master.m3u8""}, {""part"": 5, ""name"": ""Scene 2"", ""duration_sec"": 1077.6, ""url"": ""https://cdn.masaischool.com/sal-videos/689a47d75fcb3af5972dc499/6811dfcc8a78fc5b70152b79/master.m3u8""}, {""part"": 6, ""name"": ""Scene 1"", ""duration_sec"": 1428.467, ""url"": ""https://cdn.masaischool.com/sal-videos/689a47d75fcb3af5972dc499/6811dfdb8a78fc5b70152c31/master.m3u8""}]",131m38s,PASS — Excel,PASS,,matched (6 parts) · content-fit OK,,Working Same/Relevant Field · 2 sessions/week · 8-week milestone
6,6.1,Excel — End-to-end dashboard,Excel,Working — Same / Relevant Field,CCP_Block_1_S04: End to End Dashboard,684b121bdceadf1bb4805464,5,"1. New Scene
2. New Scene
3. New Scene
4. New Scene
5. New Scene","1. https://cdn.masaischool.com/sal-videos/687002d35b865b2f6c1fc735/68394f306fcb7db8d6cda245/master.m3u8
2. https://cdn.masaischool.com/sal-videos/687002d35b865b2f6c1fc735/68394f47c1c930f556659773/master.m3u8
3. https://cdn.masaischool.com/sal-videos/684b121bdceadf1bb4805464/68394f55c1c930f5566597de/master.m3u8
4. https://cdn.masaischool.com/sal-videos/68da528d2a1d2494e941a323/68394f62c1c930f556659824/master.m3u8
5. https://cdn.masaischool.com/sal-videos/691acf0502d7d50d9dc637c4/68394f6f71151e6b58514317/master.m3u8","[{""part"": 1, ""name"": ""New Scene"", ""duration_sec"": 1995.733, ""url"": ""https://cdn.masaischool.com/sal-videos/687002d35b865b2f6c1fc735/68394f306fcb7db8d6cda245/master.m3u8""}, {""part"": 2, ""name"": ""New Scene"", ""duration_sec"": 779.233, ""url"": ""https://cdn.masaischool.com/sal-videos/687002d35b865b2f6c1fc735/68394f47c1c930f556659773/master.m3u8""}, {""part"": 3, ""name"": ""New Scene"", ""duration_sec"": 338.267, ""url"": ""https://cdn.masaischool.com/sal-videos/684b121bdceadf1bb4805464/68394f55c1c930f5566597de/master.m3u8""}, {""part"": 4, ""name"": ""New Scene"", ""duration_sec"": 1620.2, ""url"": ""https://cdn.masaischool.com/sal-videos/68da528d2a1d2494e941a323/68394f62c1c930f556659824/master.m3u8""}, {""part"": 5, ""name"": ""New Scene"", ""duration_sec"": 1332.967, ""url"": ""https://cdn.masaischool.com/sal-videos/691acf0502d7d50d9dc637c4/68394f6f71151e6b58514317/master.m3u8""}]",101m06s,PASS — Excel,PASS,,matched (5 parts) · content-fit OK,,Working Same/Relevant Field · 2 sessions/week · 8-week milestone
6,6.2,Maths — Arithmetic essentials,Maths,Working — Same / Relevant Field,"PBAU08-MU01_S01: Arithmetic Essentials: Averages, Ratios, Percentages",6846b22b618c42616900145e,6,"1. New Scene 1.0
2. New Scene 1.1
3. New Scene 2.0
4. New Scene 2.1
5. New Scene 3.0
6. New Scene 3.1","1. https://cdn.masaischool.com/sal-videos/69280885f40b4e4e61094282/6846a3e00f8d7a05185ab40e/master.m3u8
2. https://cdn.masaischool.com/sal-videos/69280885f40b4e4e61094282/6846a3f72ea48d13d46a48ae/master.m3u8
3. https://cdn.masaischool.com/sal-videos/6862392ca44425acb355c500/6846a4022ea48d13d46a48f7/master.m3u8
4. https://cdn.masaischool.com/sal-videos/688782f914073865a3651e28/6846a40a0f8d7a05185ab55a/master.m3u8
5. https://cdn.masaischool.com/sal-videos/688782f914073865a3651e28/6846a4162ea48d13d46a4a48/master.m3u8
6. https://cdn.masaischool.com/sal-videos/6862392ca44425acb355c500/6846a4202ea48d13d46a4a9e/master.m3u8","[{""part"": 1, ""name"": ""New Scene 1.0"", ""duration_sec"": 2173.767, ""url"": ""https://cdn.masaischool.com/sal-videos/69280885f40b4e4e61094282/6846a3e00f8d7a05185ab40e/master.m3u8""}, {""part"": 2, ""name"": ""New Scene 1.1"", ""duration_sec"": 295.083, ""url"": ""https://cdn.masaischool.com/sal-videos/69280885f40b4e4e61094282/6846a3f72ea48d13d46a48ae/master.m3u8""}, {""part"": 3, ""name"": ""New Scene 2.0"", ""duration_sec"": 3316.4, ""url"": ""https://cdn.masaischool.com/sal-videos/6862392ca44425acb355c500/6846a4022ea48d13d46a48f7/master.m3u8""}, {""part"": 4, ""name"": ""New Scene 2.1"", ""duration_sec"": 399.55, ""url"": ""https://cdn.masaischool.com/sal-videos/688782f914073865a3651e28/6846a40a0f8d7a05185ab55a/master.m3u8""}, {""part"": 5, ""name"": ""New Scene 3.0"", ""duration_sec"": 2024.75, ""url"": ""https://cdn.masaischool.com/sal-videos/688782f914073865a3651e28/6846a4162ea48d13d46a4a48/master.m3u8""}, {""part"": 6, ""name"": ""New Scene 3.1"", ""duration_sec"": 496.0, ""url"": ""https://cdn.masaischool.com/sal-videos/6862392ca44425acb355c500/6846a4202ea48d13d46a4a9e/master.m3u8""}]",145m06s,PASS — Maths,PASS,,matched (6 parts) · content-fit OK · Before ML,,Working Same/Relevant Field · 2 sessions/week · 8-week milestone
7,7.1,Maths — Central tendency and dispersion,Maths,Working — Same / Relevant Field,PDSU04-MU02_S02: The Heart of Data: Central Tendency and Dispersion Demystified,68468868618c426169f46d3b,8,"1. Introduction to Frequency Tables and Class Intervals
2. Introduction to Frequency Tables and Class Intervals - Pitfall
3. IA Discussion
4. Visualizing Data: Histograms, Bar Charts, and Pie Charts
5. Visualizing Data: Histograms, Bar Charts, and Pie Charts - Pitfall
6. Data Distributions (Uniform, Normal, and Skewed)
7. Data Distributions (Uniform, Normal, and Skewed) - Pitfall
8. Summary","1. https://cdn.masaischool.com/sal-videos/6803dfb604872b1793cff431/67da94270f9569535c003a5e/master.m3u8
2. https://cdn.masaischool.com/sal-videos/6822fadaa6e2ef55336f6b19/67da985ade27d6cecd7e77f3/master.m3u8
3. https://cdn.masaischool.com/sal-videos/67dacd568a19e315e7f03af2/67daa886f5c570a31e709658/master.m3u8
4. https://cdn.masaischool.com/sal-videos/67dacd568a19e315e7f03af2/67da9988f5c570a31e70260c/master.m3u8
5. https://cdn.masaischool.com/sal-videos/67dacd568a19e315e7f03af2/67daa653de27d6cecd7edd6e/master.m3u8
6. https://cdn.masaischool.com/sal-videos/67dacd568a19e315e7f03af2/67daa83ff5c570a31e709477/master.m3u8
7. https://cdn.masaischool.com/sal-videos/67dacd568a19e315e7f03af2/67daa83b0f9569535c00d3c9/master.m3u8
8. https://cdn.masaischool.com/sal-videos/6803dfb604872b1793cff431/67daa86ade27d6cecd7eea2c/master.m3u8","[{""part"": 1, ""name"": ""Introduction to Frequency Tables and Class Intervals"", ""duration_sec"": 2054.717, ""url"": ""https://cdn.masaischool.com/sal-videos/6803dfb604872b1793cff431/67da94270f9569535c003a5e/master.m3u8""}, {""part"": 2, ""name"": ""Introduction to Frequency Tables and Class Intervals - Pitfall"", ""duration_sec"": 669.45, ""url"": ""https://cdn.masaischool.com/sal-videos/6822fadaa6e2ef55336f6b19/67da985ade27d6cecd7e77f3/master.m3u8""}, {""part"": 3, ""name"": ""IA Discussion"", ""duration_sec"": 299.25, ""url"": ""https://cdn.masaischool.com/sal-videos/67dacd568a19e315e7f03af2/67daa886f5c570a31e709658/master.m3u8""}, {""part"": 4, ""name"": ""Visualizing Data: Histograms, Bar Charts, and Pie Charts"", ""duration_sec"": 1915.117, ""url"": ""https://cdn.masaischool.com/sal-videos/67dacd568a19e315e7f03af2/67da9988f5c570a31e70260c/master.m3u8""}, {""part"": 5, ""name"": ""Visualizing Data: Histograms, Bar Charts, and Pie Charts - Pitfall"", ""duration_sec"": 600.017, ""url"": ""https://cdn.masaischool.com/sal-videos/67dacd568a19e315e7f03af2/67daa653de27d6cecd7edd6e/master.m3u8""}, {""part"": 6, ""name"": ""Data Distributions (Uniform, Normal, and Skewed)"", ""duration_sec"": 1918.0, ""url"": ""https://cdn.masaischool.com/sal-videos/67dacd568a19e315e7f03af2/67daa83ff5c570a31e709477/master.m3u8""}, {""part"": 7, ""name"": ""Data Distributions (Uniform, Normal, and Skewed) - Pitfall"", ""duration_sec"": 677.7, ""url"": ""https://cdn.masaischool.com/sal-videos/67dacd568a19e315e7f03af2/67daa83b0f9569535c00d3c9/master.m3u8""}, {""part"": 8, ""name"": ""Summary"", ""duration_sec"": 116.817, ""url"": ""https://cdn.masaischool.com/sal-videos/6803dfb604872b1793cff431/67daa86ade27d6cecd7eea2c/master.m3u8""}]",137m31s,PASS — Maths,PASS,,matched (8 parts) · content-fit OK · Before ML,,Working Same/Relevant Field · 2 sessions/week · 8-week milestone
7,7.2,ML — Introduction to machine learning,ML,Working — Same / Relevant Field,PDSU06-MU02_S01: Introduction to Machine Learning & Problem-Solving Approach,6847ec2f618c426169120bf6,6,"1. New Scene 1.0
2. New Scene
3. New Scene 2.0
4. New Scene 2.1
5. New Scene 3.0
6. New Scene 3.1","1. https://cdn.masaischool.com/sal-videos/687e16ae14073865a36476fa/6847e2e8f923a3909d033347/master.m3u8
2. https://cdn.masaischool.com/sal-videos/687e16ae14073865a36476fa/6847e2f5a66f021e466dc091/master.m3u8
3. https://cdn.masaischool.com/sal-videos/68d271a82a1d2494e90db3ef/6847e305f923a3909d0335cf/master.m3u8
4. https://cdn.masaischool.com/sal-videos/68d271a82a1d2494e90db3ef/6847e30ea66f021e466dc2db/master.m3u8
5. https://cdn.masaischool.com/sal-videos/68d271a82a1d2494e90db3ef/6847e317a66f021e466dc3e4/master.m3u8
6. https://cdn.masaischool.com/sal-videos/68d271a82a1d2494e90db3ef/6847e320f923a3909d03385d/master.m3u8","[{""part"": 1, ""name"": ""New Scene 1.0"", ""duration_sec"": 2449.017, ""url"": ""https://cdn.masaischool.com/sal-videos/687e16ae14073865a36476fa/6847e2e8f923a3909d033347/master.m3u8""}, {""part"": 2, ""name"": ""New Scene"", ""duration_sec"": 253.817, ""url"": ""https://cdn.masaischool.com/sal-videos/687e16ae14073865a36476fa/6847e2f5a66f021e466dc091/master.m3u8""}, {""part"": 3, ""name"": ""New Scene 2.0"", ""duration_sec"": 1713.7, ""url"": ""https://cdn.masaischool.com/sal-videos/68d271a82a1d2494e90db3ef/6847e305f923a3909d0335cf/master.m3u8""}, {""part"": 4, ""name"": ""New Scene 2.1"", ""duration_sec"": 177.767, ""url"": ""https://cdn.masaischool.com/sal-videos/68d271a82a1d2494e90db3ef/6847e30ea66f021e466dc2db/master.m3u8""}, {""part"": 5, ""name"": ""New Scene 3.0"", ""duration_sec"": 1036.567, ""url"": ""https://cdn.masaischool.com/sal-videos/68d271a82a1d2494e90db3ef/6847e317a66f021e466dc3e4/master.m3u8""}, {""part"": 6, ""name"": ""New Scene 3.1"", ""duration_sec"": 194.567, ""url"": ""https://cdn.masaischool.com/sal-videos/68d271a82a1d2494e90db3ef/6847e320f923a3909d03385d/master.m3u8""}]",97m05s,PASS — ML,PASS,,matched (6 parts) · content-fit OK,,Working Same/Relevant Field · 2 sessions/week · 8-week milestone
8,8.1,ML — Encoding & linear regression,ML,Working — Same / Relevant Field,PDSU06-MU02_S04: Encoding & Linear Regression,684c0917dceadf1bb4852a77,9,"1. New Scene 1.0
2. New Scene 1.1
3. New Scene IA
4. New Scene 2.0
5. New Scene 2.1
6. New Scene 3.0
7. New Scene 3.1
8. New Scene 4.0
9. New Scene 4.1","1. https://cdn.masaischool.com/sal-videos/68623933a44425acb3579ee2/684bf9b6c4269590ab7245aa/master.m3u8
2. https://cdn.masaischool.com/sal-videos/68623933a44425acb3579ee2/684bf9c490b0148cd244b223/master.m3u8
3. https://cdn.masaischool.com/sal-videos/684c0917dceadf1bb4852a77/684bfa7a90b0148cd244b83a/master.m3u8
4. https://cdn.masaischool.com/sal-videos/68987df0eb3c263fe60a3601/684bf9d384f5064184ae259e/master.m3u8
5. https://cdn.masaischool.com/sal-videos/68987df0eb3c263fe60a3601/684bf9e1c4269590ab7247a3/master.m3u8
6. https://cdn.masaischool.com/sal-videos/68623933a44425acb3579ee2/684bf9f2c4269590ab724832/master.m3u8
7. https://cdn.masaischool.com/sal-videos/684c0917dceadf1bb4852a77/684bf9fb84f5064184ae270e/master.m3u8
8. https://cdn.masaischool.com/sal-videos/68623933a44425acb3579ee2/684bfa0584f5064184ae2780/master.m3u8
9. https://cdn.masaischool.com/sal-videos/68623933a44425acb3579ee2/684bfa1390b0148cd244b4d0/master.m3u8","[{""part"": 1, ""name"": ""New Scene 1.0"", ""duration_sec"": 1028.433, ""url"": ""https://cdn.masaischool.com/sal-videos/68623933a44425acb3579ee2/684bf9b6c4269590ab7245aa/master.m3u8""}, {""part"": 2, ""name"": ""New Scene 1.1"", ""duration_sec"": 301.367, ""url"": ""https://cdn.masaischool.com/sal-videos/68623933a44425acb3579ee2/684bf9c490b0148cd244b223/master.m3u8""}, {""part"": 3, ""name"": ""New Scene IA"", ""duration_sec"": 300.7, ""url"": ""https://cdn.masaischool.com/sal-videos/684c0917dceadf1bb4852a77/684bfa7a90b0148cd244b83a/master.m3u8""}, {""part"": 4, ""name"": ""New Scene 2.0"", ""duration_sec"": 1860.3, ""url"": ""https://cdn.masaischool.com/sal-videos/68987df0eb3c263fe60a3601/684bf9d384f5064184ae259e/master.m3u8""}, {""part"": 5, ""name"": ""New Scene 2.1"", ""duration_sec"": 280.567, ""url"": ""https://cdn.masaischool.com/sal-videos/68987df0eb3c263fe60a3601/684bf9e1c4269590ab7247a3/master.m3u8""}, {""part"": 6, ""name"": ""New Scene 3.0"", ""duration_sec"": 1741.5, ""url"": ""https://cdn.masaischool.com/sal-videos/68623933a44425acb3579ee2/684bf9f2c4269590ab724832/master.m3u8""}, {""part"": 7, ""name"": ""New Scene 3.1"", ""duration_sec"": 295.9, ""url"": ""https://cdn.masaischool.com/sal-videos/684c0917dceadf1bb4852a77/684bf9fb84f5064184ae270e/master.m3u8""}, {""part"": 8, ""name"": ""New Scene 4.0"", ""duration_sec"": 1464.967, ""url"": ""https://cdn.masaischool.com/sal-videos/68623933a44425acb3579ee2/684bfa0584f5064184ae2780/master.m3u8""}, {""part"": 9, ""name"": ""New Scene 4.1"", ""duration_sec"": 265.367, ""url"": ""https://cdn.masaischool.com/sal-videos/68623933a44425acb3579ee2/684bfa1390b0148cd244b4d0/master.m3u8""}]",125m39s,PASS — ML,PASS,,matched (9 parts) · content-fit OK,,Working Same/Relevant Field · 2 sessions/week · 8-week milestone
8,8.2,ML — Logistic regression,ML,Working — Same / Relevant Field,PDSU06-MU02_S01: Logistic Regression,68513d8709d27a7b70442869,7,"1. New Scene 1.0
2. New Scene 1.1
3. New Scene IA
4. New Scene 2.0
5. New Scene 2.1
6. New Scene 3.0
7. New Scene 3.1","1. https://cdn.masaischool.com/sal-videos/68513d8709d27a7b70442869/6851353aa66ac7f8a5c53159/master.m3u8
2. https://cdn.masaischool.com/sal-videos/689f5ccc988b88080fcc8980/6851356f366e568bf4c9866b/master.m3u8
3. https://cdn.masaischool.com/sal-videos/686b7f6a5b865b2f6ca04ed6/685135d6a66ac7f8a5c5366b/master.m3u8
4. https://cdn.masaischool.com/sal-videos/686b7f6a5b865b2f6ca04ed6/685135a7a66ac7f8a5c53504/master.m3u8
5. https://cdn.masaischool.com/sal-videos/686b7f6a5b865b2f6ca04ed6/68513604006b47432e3a57d9/master.m3u8
6. https://cdn.masaischool.com/sal-videos/686b7f6a5b865b2f6ca04ed6/6851360ea66ac7f8a5c53801/master.m3u8
7. https://cdn.masaischool.com/sal-videos/686b7f6a5b865b2f6ca04ed6/68513617366e568bf4c98b23/master.m3u8","[{""part"": 1, ""name"": ""New Scene 1.0"", ""duration_sec"": 3076.433, ""url"": ""https://cdn.masaischool.com/sal-videos/68513d8709d27a7b70442869/6851353aa66ac7f8a5c53159/master.m3u8""}, {""part"": 2, ""name"": ""New Scene 1.1"", ""duration_sec"": 303.9, ""url"": ""https://cdn.masaischool.com/sal-videos/689f5ccc988b88080fcc8980/6851356f366e568bf4c9866b/master.m3u8""}, {""part"": 3, ""name"": ""New Scene IA"", ""duration_sec"": 343.367, ""url"": ""https://cdn.masaischool.com/sal-videos/686b7f6a5b865b2f6ca04ed6/685135d6a66ac7f8a5c5366b/master.m3u8""}, {""part"": 4, ""name"": ""New Scene 2.0"", ""duration_sec"": 1956.833, ""url"": ""https://cdn.masaischool.com/sal-videos/686b7f6a5b865b2f6ca04ed6/685135a7a66ac7f8a5c53504/master.m3u8""}, {""part"": 5, ""name"": ""New Scene 2.1"", ""duration_sec"": 312.433, ""url"": ""https://cdn.masaischool.com/sal-videos/686b7f6a5b865b2f6ca04ed6/68513604006b47432e3a57d9/master.m3u8""}, {""part"": 6, ""name"": ""New Scene 3.0"", ""duration_sec"": 1577.233, ""url"": ""https://cdn.masaischool.com/sal-videos/686b7f6a5b865b2f6ca04ed6/6851360ea66ac7f8a5c53801/master.m3u8""}, {""part"": 7, ""name"": ""New Scene 3.1"", ""duration_sec"": 314.833, ""url"": ""https://cdn.masaischool.com/sal-videos/686b7f6a5b865b2f6ca04ed6/68513617366e568bf4c98b23/master.m3u8""}]",131m25s,PASS — ML,PASS,,matched (7 parts) · content-fit OK,,Working Same/Relevant Field · 2 sessions/week · 8-week milestone
