QC_Item,Category,Status,Detail,Action
Reuse mapping - all 15 mapped sessions exist in SAL,Data integrity,PASS,All Yes/Partial rows verified against SAL dump (9534 titles indexed),
Reuse mapping - regional sessions excluded,Filter,PASS,KAN_/TAM_/TEL_ prefixes excluded from English reuse set,
Reuse mapping - status counts,Summary,PASS,"Yes=10, Partial=5, No=7, 2026 priority=5",
P1 FDN_Tech_1,Session verify,PASS,"2026 | published=true | duration=6060 | English",
P2 FDN_Tech_2,Session verify,PASS,"2026 | published=true | duration=6032 | English",
P3 FDN_Tech_4,Session verify,PASS,"2026 | published=true | duration=6374 | English",
P4 cc_b4_s5 Advanced Python Functions,Session verify,PASS,"2025 | published=true | duration=10137 | English",
P5/P6/P7 PTDSM Data Structures in Python,Session verify,PASS with note,"2025 | published=empty in SAL | StartTime Jan 25 2025 | Topics include Strings Lists Dictionaries Sets",
P8 PSDU07 Python Basics and problem discussions,Session verify,PASS with note,"2026 | published=true | duration=5768 on some rows | Same asset overlaps P1 alt - use for practice not as dedicated lab",
T1 PSDU02 Flowchart Problem Solving I,Session verify,PASS,"2025 | published=true | duration=5764 | Note: PSDU02-MU02_S01 prefix reused for many unrelated sessions - match by full title",
G1 FTSDM Git and Github,Session verify,PASS,"2025 | published=true | English",
M1 PBAU08 Arithmetic Essentials,Session verify,PASS,"2025 | published=true | duration=8706 | English",
M2 PBAU04 Central Tendency and Dispersion,Session verify,PASS,"2025 | published=true | duration=8850 | English",
M4 CC_BLOCK Bell Curve Normal Distributions,Session verify,PASS,"2025 | published=true | duration=9270 | Trim for intuition-only use",
M5 CC_BLOCK Applications of Numpy,Session verify,PASS with note,"2025 | published=true | duration=empty | Partial fit for vectors/matrices",
A1 PSDU06 AI Language Models Prompting,Session verify,PASS,"2026 | published=true | duration=6615 | English",
O1 O2 O3 T2 C1 M3 M6 - no reuse,Gap analysis,PASS,No English 2025/2026 SAL match found after filtered search - net-new confirmed,
Alt P1 PSDU07-MU08_S1,Alt verify,PASS,Exists 2026 English,
Alt P1 FTSDM Programming Foundation,Alt verify,PASS,Exists 2025 English,
Alt A1 PDSU06 ML Introduction,Alt verify,PASS,Exists 2025 English,
Alt T1 FTSDM FlowChart Problem Solving,Alt verify,PASS,Exists 2025 English,
Alt P3 FDN_Tech_3,Alt verify,PASS,"Exists 2025 English | 2026 version only in KAN_/TEL_/TAM_ regional tracks - do not reuse",
S3 session plan CSV,Plan QC,PASS,19 sessions | 3/week | 28.5 hrs | session nums 1-19 contiguous,
R2 session plan CSV,Plan QC,PASS,13 sessions | 2/week | 19.5 hrs | session nums 1-13 contiguous,
D3 session plan CSV,Plan QC,PASS,19 sessions | 3/week | 28.5 hrs | session nums 1-19 contiguous,
S3 vs D3 Python spine,Cross-check,PASS,P1-P8 block codes align between S3 and D3,
Coverage estimate S3/D3,Summary,INFO,"~8-10 sessions reusable/partial; ~9-11 net-new or need trimming",
Coverage estimate R2,Summary,INFO,"~6-8 sessions reusable/partial; rest net-new/light",
2026 FDN_Tech cluster,Recommendation,INFO,"FDN_Tech_1 + FDN_Tech_2 + FDN_Tech_4 = strongest 2026 reuse path for Python",
