Week,Session Number,Session Title,Domain,Plan,Title from Dump,Dump Session ID,Part Number,Part Name,Part Duration,Part Duration Sec,Video Link,Content Fit,Source,Dump Data Warning
1,1.1,Python — Introduction to programming + Python basics,Python,Students · 2 sessions/week · 8-week milestone,FDN_Tech_1: Python Basics and Problem Discussions,6a324afd70f9341990ad7cfb,1,Introduction to programming language,35m42s,2142.5,https://cdn.masaischool.com/hls-videos/158459/6a2c04d30b4e7313aec25f28/master.m3u8,PASS — Python track,Topics[:src] of Dump Session ID only,
1,1.1,Python — Introduction to programming + Python basics,Python,Students · 2 sessions/week · 8-week milestone,FDN_Tech_1: Python Basics and Problem Discussions,6a324afd70f9341990ad7cfb,2,Introduction to programming language - Revision,9m12s,551.57,https://cdn.masaischool.com/sal-videos/6756eb497cb2703e9e93e4c4/6756de4063a84726545f5ff3/master.m3u8,PASS — Python track,Topics[:src] of Dump Session ID only,
1,1.1,Python — Introduction to programming + Python basics,Python,Students · 2 sessions/week · 8-week milestone,FDN_Tech_1: Python Basics and Problem Discussions,6a324afd70f9341990ad7cfb,3,Introduction to programming language - IA Discussion,3m27s,207.22,https://cdn.masaischool.com/sal-videos/6756eb497cb2703e9e93e4c4/6756de4063a84726545f5ff0/master.m3u8,PASS — Python track,Topics[:src] of Dump Session ID only,
1,1.1,Python — Introduction to programming + Python basics,Python,Students · 2 sessions/week · 8-week milestone,FDN_Tech_1: Python Basics and Problem Discussions,6a324afd70f9341990ad7cfb,4,Introduction to python and variables,15m15s,914.85,https://cdn.masaischool.com/sal-videos/6756eb497cb2703e9e93e4c4/6756de40d60f7be9e276e6c7/master.m3u8,PASS — Python track,Topics[:src] of Dump Session ID only,
1,1.1,Python — Introduction to programming + Python basics,Python,Students · 2 sessions/week · 8-week milestone,FDN_Tech_1: Python Basics and Problem Discussions,6a324afd70f9341990ad7cfb,5,Introduction to python and variables - Revision,7m52s,471.57,https://cdn.masaischool.com/sal-videos/6756eb497cb2703e9e93e4c4/6756de40d60f7be9e276e6c5/master.m3u8,PASS — Python track,Topics[:src] of Dump Session ID only,
1,1.1,Python — Introduction to programming + Python basics,Python,Students · 2 sessions/week · 8-week milestone,FDN_Tech_1: Python Basics and Problem Discussions,6a324afd70f9341990ad7cfb,6,Introduction to data types,16m26s,985.7,https://cdn.masaischool.com/sal-videos/6756eb497cb2703e9e93e4c4/6756de40d60f7be9e276e6c0/master.m3u8,PASS — Python track,Topics[:src] of Dump Session ID only,
1,1.1,Python — Introduction to programming + Python basics,Python,Students · 2 sessions/week · 8-week milestone,FDN_Tech_1: Python Basics and Problem Discussions,6a324afd70f9341990ad7cfb,7,Introduction to data types - Revision,6m12s,371.98,https://cdn.masaischool.com/sal-videos/6756eb497cb2703e9e93e4c4/6756de405222d1a7afdc9728/master.m3u8,PASS — Python track,Topics[:src] of Dump Session ID only,
1,1.1,Python — Introduction to programming + Python basics,Python,Students · 2 sessions/week · 8-week milestone,FDN_Tech_1: Python Basics and Problem Discussions,6a324afd70f9341990ad7cfb,8,Session Feedback,1m00s,60.0,https://cdn.masaischool.com/hls-videos/158462/6a2c068d0b4e7313aec25f2c/master.m3u8,PASS — Python track,Topics[:src] of Dump Session ID only,
1,1.2,Python — Operators and conditional statements,Python,Students · 2 sessions/week · 8-week milestone,FDN_Tech_2: Python Building Block: Operators and conditional statements in python,6a2bf91c71a0310a05c77ddd,1,Mathematical operators,49m41s,2981.5,https://cdn.masaischool.com/hls-videos/158461/6a2c04e50b4e7313aec25f2a/master.m3u8,PASS — Python track,Topics[:src] of Dump Session ID only,
1,1.2,Python — Operators and conditional statements,Python,Students · 2 sessions/week · 8-week milestone,FDN_Tech_2: Python Building Block: Operators and conditional statements in python,6a2bf91c71a0310a05c77ddd,2,Mathematical operators - Revision,7m10s,429.58,https://cdn.masaischool.com/sal-videos/67584a45d2a87ed37198b7e7/6758472706dc6d2987d0fdd7/master.m3u8,PASS — Python track,Topics[:src] of Dump Session ID only,
1,1.2,Python — Operators and conditional statements,Python,Students · 2 sessions/week · 8-week milestone,FDN_Tech_2: Python Building Block: Operators and conditional statements in python,6a2bf91c71a0310a05c77ddd,3,Mathematical operators - IA Discussion,4m17s,257.0,https://cdn.masaischool.com/sal-videos/67584a45d2a87ed37198b7e7/67584727cf41893ec56beb31/master.m3u8,PASS — Python track,Topics[:src] of Dump Session ID only,
1,1.2,Python — Operators and conditional statements,Python,Students · 2 sessions/week · 8-week milestone,FDN_Tech_2: Python Building Block: Operators and conditional statements in python,6a2bf91c71a0310a05c77ddd,4,Conditional statements,29m16s,1755.63,https://cdn.masaischool.com/hls-videos/158460/6a2c04db0b4e7313aec25f29/master.m3u8,PASS — Python track,Topics[:src] of Dump Session ID only,
1,1.2,Python — Operators and conditional statements,Python,Students · 2 sessions/week · 8-week milestone,FDN_Tech_2: Python Building Block: Operators and conditional statements in python,6a2bf91c71a0310a05c77ddd,5,Conditional statements - Revision,5m51s,350.63,https://cdn.masaischool.com/sal-videos/67584a45d2a87ed37198b7e7/67584727977ce5909271b2f7/master.m3u8,PASS — Python track,Topics[:src] of Dump Session ID only,
2,2.1,Python — Control flow: conditionals and loops,Python,Students · 2 sessions/week · 8-week milestone,FDN_Tech_3: Mastering Control Flow: Conditional and Loop in Python,6a3526ea70f9341990b1a706,1,While Loops - Concept,52m50s,3170.23,https://cdn.masaischool.com/hls-videos/158849/6a33b7550b4e7313aec260cd/master.m3u8,PASS — Python track,Topics[:src] of Dump Session ID only,
2,2.1,Python — Control flow: conditionals and loops,Python,Students · 2 sessions/week · 8-week milestone,FDN_Tech_3: Mastering Control Flow: Conditional and Loop in Python,6a3526ea70f9341990b1a706,2,While Loops - Revision,6m52s,411.5,https://cdn.masaischool.com/sal-videos/67597b935f06a365b17c4be7/675975d94b6d869434a86842/master.m3u8,PASS — Python track,Topics[:src] of Dump Session ID only,
2,2.1,Python — Control flow: conditionals and loops,Python,Students · 2 sessions/week · 8-week milestone,FDN_Tech_3: Mastering Control Flow: Conditional and Loop in Python,6a3526ea70f9341990b1a706,3,IA Discussion,3m27s,207.0,https://cdn.masaischool.com/sal-videos/67597b935f06a365b17c4be7/6759761afea2465d7e53d307/master.m3u8,PASS — Python track,Topics[:src] of Dump Session ID only,
2,2.1,Python — Control flow: conditionals and loops,Python,Students · 2 sessions/week · 8-week milestone,FDN_Tech_3: Mastering Control Flow: Conditional and Loop in Python,6a3526ea70f9341990b1a706,4,For Loops - Concept,30m07s,1807.23,https://cdn.masaischool.com/hls-videos/158850/6a33b79a0b4e7313aec260ce/master.m3u8,PASS — Python track,Topics[:src] of Dump Session ID only,
2,2.1,Python — Control flow: conditionals and loops,Python,Students · 2 sessions/week · 8-week milestone,FDN_Tech_3: Mastering Control Flow: Conditional and Loop in Python,6a3526ea70f9341990b1a706,5,For Loops - Revision,5m52s,352.43,https://cdn.masaischool.com/sal-videos/67597b935f06a365b17c4be7/6759788efea2465d7e53e621/master.m3u8,PASS — Python track,Topics[:src] of Dump Session ID only,
2,2.1,Python — Control flow: conditionals and loops,Python,Students · 2 sessions/week · 8-week milestone,FDN_Tech_3: Mastering Control Flow: Conditional and Loop in Python,6a3526ea70f9341990b1a706,6,IA Discussion,3m27s,207.0,https://cdn.masaischool.com/sal-videos/67597b935f06a365b17c4be7/675978c14b6d869434a87ecd/master.m3u8,PASS — Python track,Topics[:src] of Dump Session ID only,
2,2.2,"Python — break, continue, and nested loops",Python,Students · 2 sessions/week · 8-week milestone,"FDN_Tech_4: Understanding break, continue, and Nested Loops",6a3e87829cb306ef33d40829,1,Break and Continue concept,47m14s,2834.17,https://cdn.masaischool.com/hls-videos/160100/6a3e742f0b4e7313aec263bb/master.m3u8,PASS — Python track,Topics[:src] of Dump Session ID only,
2,2.2,"Python — break, continue, and nested loops",Python,Students · 2 sessions/week · 8-week milestone,"FDN_Tech_4: Understanding break, continue, and Nested Loops",6a3e87829cb306ef33d40829,2,Break and Continue Revision,8m10s,489.6,https://cdn.masaischool.com/sal-videos/675ae6a486fcca88cd6e56a1/675ae0b3000463ee4da30208/master.m3u8,PASS — Python track,Topics[:src] of Dump Session ID only,
2,2.2,"Python — break, continue, and nested loops",Python,Students · 2 sessions/week · 8-week milestone,"FDN_Tech_4: Understanding break, continue, and Nested Loops",6a3e87829cb306ef33d40829,3,IA Discussion,5m01s,300.65,https://cdn.masaischool.com/sal-videos/675ae6a486fcca88cd6e56a1/675ae0e3594ead3fde98144f/master.m3u8,PASS — Python track,Topics[:src] of Dump Session ID only,
2,2.2,"Python — break, continue, and nested loops",Python,Students · 2 sessions/week · 8-week milestone,"FDN_Tech_4: Understanding break, continue, and Nested Loops",6a3e87829cb306ef33d40829,4,Nested Loops Concept,28m36s,1715.87,https://cdn.masaischool.com/hls-videos/160101/6a3e75110b4e7313aec263bc/master.m3u8,PASS — Python track,Topics[:src] of Dump Session ID only,
2,2.2,"Python — break, continue, and nested loops",Python,Students · 2 sessions/week · 8-week milestone,"FDN_Tech_4: Understanding break, continue, and Nested Loops",6a3e87829cb306ef33d40829,5,Nested Loops Revision,12m13s,732.98,https://cdn.masaischool.com/sal-videos/675ae6a486fcca88cd6e56a1/675ae168c0b4be8ebd80d014/master.m3u8,PASS — Python track,Topics[:src] of Dump Session ID only,
3,3.1,Python — The power of functions,Python,Students · 2 sessions/week · 8-week milestone,PTBAM01S1_2512_S03: The Power of Python Functions,67d8647015193d6d14bd7954,1,New Scene,37m28s,2247.55,https://cdn.masaischool.com/sal-videos/676e9013631470e143da5fac/676e8dc299aa18a0c2743938/master.m3u8,PASS — Python track,Topics[:src] of Dump Session ID only,
3,3.1,Python — The power of functions,Python,Students · 2 sessions/week · 8-week milestone,PTBAM01S1_2512_S03: The Power of Python Functions,67d8647015193d6d14bd7954,2,New Scene,8m42s,522.08,https://cdn.masaischool.com/sal-videos/676e9013631470e143da5fac/676e8de0f936951f1cb65f17/master.m3u8,PASS — Python track,Topics[:src] of Dump Session ID only,
3,3.1,Python — The power of functions,Python,Students · 2 sessions/week · 8-week milestone,PTBAM01S1_2512_S03: The Power of Python Functions,67d8647015193d6d14bd7954,3,New Scene,5m45s,344.75,https://cdn.masaischool.com/sal-videos/676e9013631470e143da5fac/676e8f0799aa18a0c27449bb/master.m3u8,PASS — Python track,Topics[:src] of Dump Session ID only,
3,3.1,Python — The power of functions,Python,Students · 2 sessions/week · 8-week milestone,PTBAM01S1_2512_S03: The Power of Python Functions,67d8647015193d6d14bd7954,4,New Scene,37m47s,2266.68,https://cdn.masaischool.com/sal-videos/676e9013631470e143da5fac/676e8e1599aa18a0c2743caf/master.m3u8,PASS — Python track,Topics[:src] of Dump Session ID only,
3,3.1,Python — The power of functions,Python,Students · 2 sessions/week · 8-week milestone,PTBAM01S1_2512_S03: The Power of Python Functions,67d8647015193d6d14bd7954,5,New Scene,18m43s,1123.28,https://cdn.masaischool.com/sal-videos/676e9013631470e143da5fac/676e8e0199aa18a0c2743bf9/master.m3u8,PASS — Python track,Topics[:src] of Dump Session ID only,
3,3.1,Python — The power of functions,Python,Students · 2 sessions/week · 8-week milestone,PTBAM01S1_2512_S03: The Power of Python Functions,67d8647015193d6d14bd7954,6,New Scene,24m44s,1484.28,https://cdn.masaischool.com/sal-videos/676e9013631470e143da5fac/676e8e46f936951f1cb66352/master.m3u8,PASS — Python track,Topics[:src] of Dump Session ID only,
3,3.1,Python — The power of functions,Python,Students · 2 sessions/week · 8-week milestone,PTBAM01S1_2512_S03: The Power of Python Functions,67d8647015193d6d14bd7954,7,New Scene,18m14s,1093.82,https://cdn.masaischool.com/sal-videos/676e9013631470e143da5fac/676e8e65f936951f1cb664a4/master.m3u8,PASS — Python track,Topics[:src] of Dump Session ID only,
3,3.2,"Python — Data structures (lists, strings, sets, tuples, dicts)",Python,Students · 2 sessions/week · 8-week milestone,PTBAM00S1_2504_S05: Data Structures in Python,67938e5f5c1716b998075305,1,Lists - Concept,29m26s,1765.5,https://cdn.masaischool.com/sal-videos/675c348086fcca88cd71aaed/675c31834b1ce9ca6c96d235/master.m3u8,PASS — Python track,Topics[:src] of Dump Session ID only,
3,3.2,"Python — Data structures (lists, strings, sets, tuples, dicts)",Python,Students · 2 sessions/week · 8-week milestone,PTBAM00S1_2504_S05: Data Structures in Python,67938e5f5c1716b998075305,2,Lists - Revision,5m34s,334.27,https://cdn.masaischool.com/sal-videos/675c348086fcca88cd71aaed/675c322875669f4edaec6d0a/master.m3u8,PASS — Python track,Topics[:src] of Dump Session ID only,
3,3.2,"Python — Data structures (lists, strings, sets, tuples, dicts)",Python,Students · 2 sessions/week · 8-week milestone,PTBAM00S1_2504_S05: Data Structures in Python,67938e5f5c1716b998075305,3,IA Discussion,2m51s,171.0,https://cdn.masaischool.com/sal-videos/675c348086fcca88cd71aaed/675c32c575669f4edaec731b/master.m3u8,PASS — Python track,Topics[:src] of Dump Session ID only,
3,3.2,"Python — Data structures (lists, strings, sets, tuples, dicts)",Python,Students · 2 sessions/week · 8-week milestone,PTBAM00S1_2504_S05: Data Structures in Python,67938e5f5c1716b998075305,4,Strings - Concept,13m53s,833.03,https://cdn.masaischool.com/sal-videos/675c348086fcca88cd71aaed/675c32614b1ce9ca6c96dc23/master.m3u8,PASS — Python track,Topics[:src] of Dump Session ID only,
3,3.2,"Python — Data structures (lists, strings, sets, tuples, dicts)",Python,Students · 2 sessions/week · 8-week milestone,PTBAM00S1_2504_S05: Data Structures in Python,67938e5f5c1716b998075305,5,Strings - Revision,5m02s,302.47,https://cdn.masaischool.com/sal-videos/675c348086fcca88cd71aaed/675c329075669f4edaec703d/master.m3u8,PASS — Python track,Topics[:src] of Dump Session ID only,
3,3.2,"Python — Data structures (lists, strings, sets, tuples, dicts)",Python,Students · 2 sessions/week · 8-week milestone,PTBAM00S1_2504_S05: Data Structures in Python,67938e5f5c1716b998075305,6,Set and Tuples,38m37s,2317.1,https://cdn.masaischool.com/sal-videos/675d0c7686fcca88cd729342/675d0a70c9f25eced4da3de0/master.m3u8,PASS — Python track,Topics[:src] of Dump Session ID only,
3,3.2,"Python — Data structures (lists, strings, sets, tuples, dicts)",Python,Students · 2 sessions/week · 8-week milestone,PTBAM00S1_2504_S05: Data Structures in Python,67938e5f5c1716b998075305,7,Set and Tuples - Revision,3m44s,223.73,https://cdn.masaischool.com/sal-videos/675d0c7686fcca88cd729342/675d0a9f75669f4edaf2da85/master.m3u8,PASS — Python track,Topics[:src] of Dump Session ID only,
3,3.2,"Python — Data structures (lists, strings, sets, tuples, dicts)",Python,Students · 2 sessions/week · 8-week milestone,PTBAM00S1_2504_S05: Data Structures in Python,67938e5f5c1716b998075305,8,Dictionaries,30m19s,1819.25,https://cdn.masaischool.com/sal-videos/675d0c7686fcca88cd729342/675d0ac64b1ce9ca6c9d2eeb/master.m3u8,PASS — Python track,Topics[:src] of Dump Session ID only,
3,3.2,"Python — Data structures (lists, strings, sets, tuples, dicts)",Python,Students · 2 sessions/week · 8-week milestone,PTBAM00S1_2504_S05: Data Structures in Python,67938e5f5c1716b998075305,9,Dictionaries,5m03s,303.45,https://cdn.masaischool.com/sal-videos/675d0c7686fcca88cd729342/675d0ae975669f4edaf2dc3f/master.m3u8,PASS — Python track,Topics[:src] of Dump Session ID only,
4,4.1,SQL — Introduction to SQL and databases,SQL,Students · 2 sessions/week · 8-week milestone,FTTEM03S2_2514_JSQ206_S01: Introduction to SQL and Databases,67eb02aa3a4f39308727e9fb,1,Subtopic 1,50m03s,3002.83,https://cdn.masaischool.com/sal-videos/68da31832a1d2494e9360ba5/67eaf4f27a575d7c9e1cde85/master.m3u8,PASS — SQL,Topics[:src] of Dump Session ID only,
4,4.1,SQL — Introduction to SQL and databases,SQL,Students · 2 sessions/week · 8-week milestone,FTTEM03S2_2514_JSQ206_S01: Introduction to SQL and Databases,67eb02aa3a4f39308727e9fb,2,Subtopic 1 Pitfall,9m05s,545.3,https://cdn.masaischool.com/sal-videos/68da31832a1d2494e9360ba5/67eaf4e387f6061fd163a0b9/master.m3u8,PASS — SQL,Topics[:src] of Dump Session ID only,
4,4.1,SQL — Introduction to SQL and databases,SQL,Students · 2 sessions/week · 8-week milestone,FTTEM03S2_2514_JSQ206_S01: Introduction to SQL and Databases,67eb02aa3a4f39308727e9fb,3,IA Discussion,3m02s,181.57,https://cdn.masaischool.com/sal-videos/67eb02aa3a4f39308727e9fb/67eaedc787f6061fd1634f18/master.m3u8,PASS — SQL,Topics[:src] of Dump Session ID only,
4,4.1,SQL — Introduction to SQL and databases,SQL,Students · 2 sessions/week · 8-week milestone,FTTEM03S2_2514_JSQ206_S01: Introduction to SQL and Databases,67eb02aa3a4f39308727e9fb,4,Subtopic 2,46m14s,2774.27,https://cdn.masaischool.com/sal-videos/68344122907eb74ce6920d70/67eaf4e387f6061fd163a0b7/master.m3u8,PASS — SQL,Topics[:src] of Dump Session ID only,
4,4.1,SQL — Introduction to SQL and databases,SQL,Students · 2 sessions/week · 8-week milestone,FTTEM03S2_2514_JSQ206_S01: Introduction to SQL and Databases,67eb02aa3a4f39308727e9fb,5,Subtopic 2 Pitfall,9m07s,546.83,https://cdn.masaischool.com/sal-videos/67f3d96dcbc216dc7bb5c03b/67eaf4e387f6061fd163a0b5/master.m3u8,PASS — SQL,Topics[:src] of Dump Session ID only,
4,4.2,"SQL — Searching, filtering & power functions",SQL,Students · 2 sessions/week · 8-week milestone,"CC_BLOCK_2_S2:Data Sleuthing: Searching, Filtering & Power Functions in SQL",68598b79a44425acb3641210,1,Searching in SQL using LIKE,36m33s,2193.12,https://cdn.masaischool.com/sal-videos/67c93deaa0ef177e3b377526/679cb8efb1df5bb493827097/master.m3u8,PASS — SQL,Topics[:src] of Dump Session ID only,
4,4.2,"SQL — Searching, filtering & power functions",SQL,Students · 2 sessions/week · 8-week milestone,"CC_BLOCK_2_S2:Data Sleuthing: Searching, Filtering & Power Functions in SQL",68598b79a44425acb3641210,2,Searching in SQL using LIKE - Rev,7m13s,432.87,https://cdn.masaischool.com/sal-videos/67acaf9d61865246e4c9abb7/679cb93131cb129377970159/master.m3u8,PASS — SQL,Topics[:src] of Dump Session ID only,
4,4.2,"SQL — Searching, filtering & power functions",SQL,Students · 2 sessions/week · 8-week milestone,"CC_BLOCK_2_S2:Data Sleuthing: Searching, Filtering & Power Functions in SQL",68598b79a44425acb3641210,3,IA Discussion,4m32s,271.9,https://cdn.masaischool.com/sal-videos/67b36d7889eb30ad694020ad/679cba77b1df5bb4938279e3/master.m3u8,PASS — SQL,Topics[:src] of Dump Session ID only,
4,4.2,"SQL — Searching, filtering & power functions",SQL,Students · 2 sessions/week · 8-week milestone,"CC_BLOCK_2_S2:Data Sleuthing: Searching, Filtering & Power Functions in SQL",68598b79a44425acb3641210,4,Searching using BETWEEN,10m36s,636.27,https://cdn.masaischool.com/sal-videos/67acaf9d61865246e4c9abb7/679cb986c9afcbb7ca55eead/master.m3u8,PASS — SQL,Topics[:src] of Dump Session ID only,
4,4.2,"SQL — Searching, filtering & power functions",SQL,Students · 2 sessions/week · 8-week milestone,"CC_BLOCK_2_S2:Data Sleuthing: Searching, Filtering & Power Functions in SQL",68598b79a44425acb3641210,5,Searching using BETWEEN - Rev,5m47s,347.33,https://cdn.masaischool.com/sal-videos/67e209013a4f3930874faa88/679cb9a631cb1293779703fb/master.m3u8,PASS — SQL,Topics[:src] of Dump Session ID only,
4,4.2,"SQL — Searching, filtering & power functions",SQL,Students · 2 sessions/week · 8-week milestone,"CC_BLOCK_2_S2:Data Sleuthing: Searching, Filtering & Power Functions in SQL",68598b79a44425acb3641210,6,Aggregate Function in SQL,9m03s,543.43,https://cdn.masaischool.com/sal-videos/67e209013a4f3930874faa88/679cb9c0b1df5bb4938274ee/master.m3u8,PASS — SQL,Topics[:src] of Dump Session ID only,
4,4.2,"SQL — Searching, filtering & power functions",SQL,Students · 2 sessions/week · 8-week milestone,"CC_BLOCK_2_S2:Data Sleuthing: Searching, Filtering & Power Functions in SQL",68598b79a44425acb3641210,7,Aggregate Function in SQL - Rev,3m54s,233.87,https://cdn.masaischool.com/sal-videos/67acaf9d61865246e4c9abb7/679cb9dd31cb129377970589/master.m3u8,PASS — SQL,Topics[:src] of Dump Session ID only,
4,4.2,"SQL — Searching, filtering & power functions",SQL,Students · 2 sessions/week · 8-week milestone,"CC_BLOCK_2_S2:Data Sleuthing: Searching, Filtering & Power Functions in SQL",68598b79a44425acb3641210,8,String Function in SQL,16m11s,970.82,https://cdn.masaischool.com/sal-videos/67acaf9d61865246e4c9abb7/679cb9fcb1df5bb4938276ac/master.m3u8,PASS — SQL,Topics[:src] of Dump Session ID only,
4,4.2,"SQL — Searching, filtering & power functions",SQL,Students · 2 sessions/week · 8-week milestone,"CC_BLOCK_2_S2:Data Sleuthing: Searching, Filtering & Power Functions in SQL",68598b79a44425acb3641210,9,String Function in SQL - Rev,4m29s,268.93,https://cdn.masaischool.com/sal-videos/67acaf9d61865246e4c9abb7/679cba1bb1df5bb49382777e/master.m3u8,PASS — SQL,Topics[:src] of Dump Session ID only,
4,4.2,"SQL — Searching, filtering & power functions",SQL,Students · 2 sessions/week · 8-week milestone,"CC_BLOCK_2_S2:Data Sleuthing: Searching, Filtering & Power Functions in SQL",68598b79a44425acb3641210,10,Power fuctions in SQL,6m14s,373.82,https://cdn.masaischool.com/sal-videos/67e209013a4f3930874faa88/679cba39b1df5bb493827855/master.m3u8,PASS — SQL,Topics[:src] of Dump Session ID only,
4,4.2,"SQL — Searching, filtering & power functions",SQL,Students · 2 sessions/week · 8-week milestone,"CC_BLOCK_2_S2:Data Sleuthing: Searching, Filtering & Power Functions in SQL",68598b79a44425acb3641210,11,Power fuctions in SQL - Rev,4m43s,283.47,https://cdn.masaischool.com/sal-videos/679cbee9f62596df9334a56a/679cba54c9afcbb7ca55f41b/master.m3u8,PASS — SQL,Topics[:src] of Dump Session ID only,
5,5.1,"SQL — Aggregations: GROUP BY, HAVING, ORDER BY, LIMIT",SQL,Students · 2 sessions/week · 8-week milestone,"PBAU02-MU01_S01: Mastering Aggregations: GROUP BY, HAVING, ORDER BY, LIMIT  Demystified",68342d6a907eb74ce68dd391,1,Grouping of data in categories,22m53s,1372.82,https://cdn.masaischool.com/sal-videos/67d8691b15193d6d14bd98bf/67a1dd1bc9afcbb7ca6fe18e/master.m3u8,PASS — SQL,Topics[:src] of Dump Session ID only,
5,5.1,"SQL — Aggregations: GROUP BY, HAVING, ORDER BY, LIMIT",SQL,Students · 2 sessions/week · 8-week milestone,"PBAU02-MU01_S01: Mastering Aggregations: GROUP BY, HAVING, ORDER BY, LIMIT  Demystified",68342d6a907eb74ce68dd391,2,Grouping of data in categories,8m05s,485.08,https://cdn.masaischool.com/sal-videos/67d8691b15193d6d14bd98bf/67a1dd3831cb129377b0ea0e/master.m3u8,PASS — SQL,Topics[:src] of Dump Session ID only,
5,5.1,"SQL — Aggregations: GROUP BY, HAVING, ORDER BY, LIMIT",SQL,Students · 2 sessions/week · 8-week milestone,"PBAU02-MU01_S01: Mastering Aggregations: GROUP BY, HAVING, ORDER BY, LIMIT  Demystified",68342d6a907eb74ce68dd391,3,IA Discussion,5m18s,318.42,https://cdn.masaischool.com/sal-videos/67aa2c13a8eec6909a699328/67a1e3a3c9afcbb7ca70003c/master.m3u8,PASS — SQL,Topics[:src] of Dump Session ID only,
5,5.1,"SQL — Aggregations: GROUP BY, HAVING, ORDER BY, LIMIT",SQL,Students · 2 sessions/week · 8-week milestone,"PBAU02-MU01_S01: Mastering Aggregations: GROUP BY, HAVING, ORDER BY, LIMIT  Demystified",68342d6a907eb74ce68dd391,4,Group by with Having,24m55s,1495.02,https://cdn.masaischool.com/sal-videos/67d8691b15193d6d14bd98bf/67a1dd63c9afcbb7ca6fe31b/master.m3u8,PASS — SQL,Topics[:src] of Dump Session ID only,
5,5.1,"SQL — Aggregations: GROUP BY, HAVING, ORDER BY, LIMIT",SQL,Students · 2 sessions/week · 8-week milestone,"PBAU02-MU01_S01: Mastering Aggregations: GROUP BY, HAVING, ORDER BY, LIMIT  Demystified",68342d6a907eb74ce68dd391,5,Group by with Having,8m19s,498.62,https://cdn.masaischool.com/sal-videos/67bc827597a9f4c620ad15eb/67a1dd92c9afcbb7ca6fe4a1/master.m3u8,PASS — SQL,Topics[:src] of Dump Session ID only,
5,5.1,"SQL — Aggregations: GROUP BY, HAVING, ORDER BY, LIMIT",SQL,Students · 2 sessions/week · 8-week milestone,"PBAU02-MU01_S01: Mastering Aggregations: GROUP BY, HAVING, ORDER BY, LIMIT  Demystified",68342d6a907eb74ce68dd391,6,Ordering of data,24m45s,1484.68,https://cdn.masaischool.com/sal-videos/67bc827597a9f4c620ad15eb/67a1ddc1b1df5bb4939c8526/master.m3u8,PASS — SQL,Topics[:src] of Dump Session ID only,
5,5.1,"SQL — Aggregations: GROUP BY, HAVING, ORDER BY, LIMIT",SQL,Students · 2 sessions/week · 8-week milestone,"PBAU02-MU01_S01: Mastering Aggregations: GROUP BY, HAVING, ORDER BY, LIMIT  Demystified",68342d6a907eb74ce68dd391,7,Ordering of data,8m06s,486.48,https://cdn.masaischool.com/sal-videos/67bc827597a9f4c620ad15eb/67a1dde231cb129377b0ed39/master.m3u8,PASS — SQL,Topics[:src] of Dump Session ID only,
5,5.1,"SQL — Aggregations: GROUP BY, HAVING, ORDER BY, LIMIT",SQL,Students · 2 sessions/week · 8-week milestone,"PBAU02-MU01_S01: Mastering Aggregations: GROUP BY, HAVING, ORDER BY, LIMIT  Demystified",68342d6a907eb74ce68dd391,8,Limiting the data,18m04s,1084.22,https://cdn.masaischool.com/sal-videos/67bc827597a9f4c620ad15eb/67a1de16b1df5bb4939c86b1/master.m3u8,PASS — SQL,Topics[:src] of Dump Session ID only,
5,5.1,"SQL — Aggregations: GROUP BY, HAVING, ORDER BY, LIMIT",SQL,Students · 2 sessions/week · 8-week milestone,"PBAU02-MU01_S01: Mastering Aggregations: GROUP BY, HAVING, ORDER BY, LIMIT  Demystified",68342d6a907eb74ce68dd391,9,Limiting the data,8m12s,491.55,https://cdn.masaischool.com/sal-videos/67ff75d5824e0d7b6c4facb3/67a1de55b1df5bb4939c87c5/master.m3u8,PASS — SQL,Topics[:src] of Dump Session ID only,
5,5.1,"SQL — Aggregations: GROUP BY, HAVING, ORDER BY, LIMIT",SQL,Students · 2 sessions/week · 8-week milestone,"PBAU02-MU01_S01: Mastering Aggregations: GROUP BY, HAVING, ORDER BY, LIMIT  Demystified",68342d6a907eb74ce68dd391,10,Understanding the order of execution of a query,27m18s,1638.42,https://cdn.masaischool.com/sal-videos/67ff75d5824e0d7b6c4facb3/67a1de73c9afcbb7ca6fe93e/master.m3u8,PASS — SQL,Topics[:src] of Dump Session ID only,
5,5.1,"SQL — Aggregations: GROUP BY, HAVING, ORDER BY, LIMIT",SQL,Students · 2 sessions/week · 8-week milestone,"PBAU02-MU01_S01: Mastering Aggregations: GROUP BY, HAVING, ORDER BY, LIMIT  Demystified",68342d6a907eb74ce68dd391,11,Understanding the order of execution of a query,15m08s,908.48,https://cdn.masaischool.com/sal-videos/67ff75d5824e0d7b6c4facb3/67a1dea1b1df5bb4939c8996/master.m3u8,PASS — SQL,Topics[:src] of Dump Session ID only,
5,5.2,SQL — Joins: connecting relational tables,SQL,Students · 2 sessions/week · 8-week milestone,PBAU02-MU01_S02: Mastering SQL Joins: Connecting the Dots in Relational Databases,68342d6a907eb74ce68dd9de,1,Recogning the need of joins while fetching data,21m16s,1276.08,https://cdn.masaischool.com/sal-videos/67b36e8889eb30ad694025bf/67a320ecc82041cdc3743628/master.m3u8,PASS — SQL,Topics[:src] of Dump Session ID only,
5,5.2,SQL — Joins: connecting relational tables,SQL,Students · 2 sessions/week · 8-week milestone,PBAU02-MU01_S02: Mastering SQL Joins: Connecting the Dots in Relational Databases,68342d6a907eb74ce68dd9de,2,Recogning the need of joins while fetching data,7m37s,457.28,https://cdn.masaischool.com/sal-videos/680f5de7961de35e624ece5c/67a3210a3dde702a6fd728f0/master.m3u8,PASS — SQL,Topics[:src] of Dump Session ID only,
5,5.2,SQL — Joins: connecting relational tables,SQL,Students · 2 sessions/week · 8-week milestone,PBAU02-MU01_S02: Mastering SQL Joins: Connecting the Dots in Relational Databases,68342d6a907eb74ce68dd9de,3,IA Discussion,5m30s,330.35,https://cdn.masaischool.com/sal-videos/680f5de7961de35e624ece5c/67a32262a3a1f8e40adad593/master.m3u8,PASS — SQL,Topics[:src] of Dump Session ID only,
5,5.2,SQL — Joins: connecting relational tables,SQL,Students · 2 sessions/week · 8-week milestone,PBAU02-MU01_S02: Mastering SQL Joins: Connecting the Dots in Relational Databases,68342d6a907eb74ce68dd9de,4,Understanding the left and right join,21m17s,1277.15,https://cdn.masaischool.com/sal-videos/680f5de7961de35e624ece5c/67a32127a3a1f8e40adad0b5/master.m3u8,PASS — SQL,Topics[:src] of Dump Session ID only,
5,5.2,SQL — Joins: connecting relational tables,SQL,Students · 2 sessions/week · 8-week milestone,PBAU02-MU01_S02: Mastering SQL Joins: Connecting the Dots in Relational Databases,68342d6a907eb74ce68dd9de,5,Understanding the left and right join,9m33s,572.88,https://cdn.masaischool.com/sal-videos/67fc1b04824e0d7b6c090379/67a32150c82041cdc37437dc/master.m3u8,PASS — SQL,Topics[:src] of Dump Session ID only,
5,5.2,SQL — Joins: connecting relational tables,SQL,Students · 2 sessions/week · 8-week milestone,PBAU02-MU01_S02: Mastering SQL Joins: Connecting the Dots in Relational Databases,68342d6a907eb74ce68dd9de,6,Understanding the inner and outer join,30m15s,1814.82,https://cdn.masaischool.com/sal-videos/680f5de7961de35e624ece5c/67a32170c82041cdc3743873/master.m3u8,PASS — SQL,Topics[:src] of Dump Session ID only,
5,5.2,SQL — Joins: connecting relational tables,SQL,Students · 2 sessions/week · 8-week milestone,PBAU02-MU01_S02: Mastering SQL Joins: Connecting the Dots in Relational Databases,68342d6a907eb74ce68dd9de,7,Understanding the inner and outer join,14m43s,882.95,https://cdn.masaischool.com/sal-videos/680f5de7961de35e624ece5c/67a3218ac82041cdc37438c7/master.m3u8,PASS — SQL,Topics[:src] of Dump Session ID only,
5,5.2,SQL — Joins: connecting relational tables,SQL,Students · 2 sessions/week · 8-week milestone,PBAU02-MU01_S02: Mastering SQL Joins: Connecting the Dots in Relational Databases,68342d6a907eb74ce68dd9de,8,Understanding the cross and self join,25m48s,1548.08,https://cdn.masaischool.com/sal-videos/67fc1b04824e0d7b6c090379/67a321ab3dde702a6fd72b51/master.m3u8,PASS — SQL,Topics[:src] of Dump Session ID only,
5,5.2,SQL — Joins: connecting relational tables,SQL,Students · 2 sessions/week · 8-week milestone,PBAU02-MU01_S02: Mastering SQL Joins: Connecting the Dots in Relational Databases,68342d6a907eb74ce68dd9de,9,Understanding the cross and self join,7m05s,424.62,https://cdn.masaischool.com/sal-videos/67b36e8889eb30ad694025bf/67a321dd3dde702a6fd72bf4/master.m3u8,PASS — SQL,Topics[:src] of Dump Session ID only,
5,5.2,SQL — Joins: connecting relational tables,SQL,Students · 2 sessions/week · 8-week milestone,PBAU02-MU01_S02: Mastering SQL Joins: Connecting the Dots in Relational Databases,68342d6a907eb74ce68dd9de,10,Summary,27m06s,1626.28,https://cdn.masaischool.com/sal-videos/67d8693815193d6d14bd99bf/67a321ffa3a1f8e40adad3e1/master.m3u8,PASS — SQL,Topics[:src] of Dump Session ID only,
5,5.2,SQL — Joins: connecting relational tables,SQL,Students · 2 sessions/week · 8-week milestone,PBAU02-MU01_S02: Mastering SQL Joins: Connecting the Dots in Relational Databases,68342d6a907eb74ce68dd9de,11,Summary,9m03s,543.22,https://cdn.masaischool.com/sal-videos/67d8693815193d6d14bd99bf/67a3223c3dde702a6fd72d7f/master.m3u8,PASS — SQL,Topics[:src] of Dump Session ID only,
6,6.1,SQL — Window functions: ranking,SQL,Students · 2 sessions/week · 8-week milestone,CC_BLOCK_2_S2:Window Functions: Ranking Data in Style,685d8b8da44425acb3013e15,1,Need for window functions in sql,23m31s,1411.48,https://cdn.masaischool.com/sal-videos/680f5110961de35e624386d4/67b34bfb3224e5c4cfc9739d/master.m3u8,PASS — SQL,Topics[:src] of Dump Session ID only,
6,6.1,SQL — Window functions: ranking,SQL,Students · 2 sessions/week · 8-week milestone,CC_BLOCK_2_S2:Window Functions: Ranking Data in Style,685d8b8da44425acb3013e15,2,Need for window functions in sql - Pitfall,10m42s,641.68,https://cdn.masaischool.com/sal-videos/6818b288961de35e6206a9c9/67b34c08afc06fd649da51bc/master.m3u8,PASS — SQL,Topics[:src] of Dump Session ID only,
6,6.1,SQL — Window functions: ranking,SQL,Students · 2 sessions/week · 8-week milestone,CC_BLOCK_2_S2:Window Functions: Ranking Data in Style,685d8b8da44425acb3013e15,3,Need for window functions in sql - IA Session,5m48s,347.88,https://cdn.masaischool.com/sal-videos/6818b288961de35e6206a9c9/67b34c1f3224e5c4cfc97488/master.m3u8,PASS — SQL,Topics[:src] of Dump Session ID only,
6,6.1,SQL — Window functions: ranking,SQL,Students · 2 sessions/week · 8-week milestone,CC_BLOCK_2_S2:Window Functions: Ranking Data in Style,685d8b8da44425acb3013e15,4,Understanding the structure of query,29m31s,1771.15,https://cdn.masaischool.com/sal-videos/685d8b8ea44425acb30149d8/67b34c353224e5c4cfc9752b/master.m3u8,PASS — SQL,Topics[:src] of Dump Session ID only,
6,6.1,SQL — Window functions: ranking,SQL,Students · 2 sessions/week · 8-week milestone,CC_BLOCK_2_S2:Window Functions: Ranking Data in Style,685d8b8da44425acb3013e15,5,Understanding the structure of query - Pitfall,6m45s,405.35,https://cdn.masaischool.com/sal-videos/685d8b8ea44425acb30149d8/67b34c42a088b0540c0eaff4/master.m3u8,PASS — SQL,Topics[:src] of Dump Session ID only,
6,6.1,SQL — Window functions: ranking,SQL,Students · 2 sessions/week · 8-week milestone,CC_BLOCK_2_S2:Window Functions: Ranking Data in Style,685d8b8da44425acb3013e15,6,Different types of ranking window functions,28m21s,1701.42,https://cdn.masaischool.com/sal-videos/680f5110961de35e624386d4/67b38b13a088b0540c0fece4/master.m3u8,PASS — SQL,Topics[:src] of Dump Session ID only,
6,6.1,SQL — Window functions: ranking,SQL,Students · 2 sessions/week · 8-week milestone,CC_BLOCK_2_S2:Window Functions: Ranking Data in Style,685d8b8da44425acb3013e15,7,Different types of ranking window functions - Pitfall,8m04s,483.75,https://cdn.masaischool.com/sal-videos/680f5110961de35e624386d4/67b34c5ea088b0540c0eb0a7/master.m3u8,PASS — SQL,Topics[:src] of Dump Session ID only,
6,6.1,SQL — Window functions: ranking,SQL,Students · 2 sessions/week · 8-week milestone,CC_BLOCK_2_S2:Window Functions: Ranking Data in Style,685d8b8da44425acb3013e15,8,Subtopic 4,30m46s,1846.35,https://cdn.masaischool.com/sal-videos/68468861618c426169f2a5f1/67b34c6a3224e5c4cfc9769d/master.m3u8,PASS — SQL,Topics[:src] of Dump Session ID only,
6,6.1,SQL — Window functions: ranking,SQL,Students · 2 sessions/week · 8-week milestone,CC_BLOCK_2_S2:Window Functions: Ranking Data in Style,685d8b8da44425acb3013e15,9,Summary,2m32s,152.02,https://cdn.masaischool.com/sal-videos/6818b288961de35e6206a9c9/67b34c76afc06fd649da5521/master.m3u8,PASS — SQL,Topics[:src] of Dump Session ID only,
6,6.2,Maths — Arithmetic essentials (foundation before ML path),Maths,Students · 2 sessions/week · 8-week milestone,"PBAU08-MU01_S01: Arithmetic Essentials: Averages, Ratios, Percentages",6846b22b618c42616900145e,1,New Scene 1.0,36m14s,2173.77,https://cdn.masaischool.com/sal-videos/69280885f40b4e4e61094282/6846a3e00f8d7a05185ab40e/master.m3u8,PASS — Maths,Topics[:src] of Dump Session ID only,
6,6.2,Maths — Arithmetic essentials (foundation before ML path),Maths,Students · 2 sessions/week · 8-week milestone,"PBAU08-MU01_S01: Arithmetic Essentials: Averages, Ratios, Percentages",6846b22b618c42616900145e,2,New Scene 1.1,4m55s,295.08,https://cdn.masaischool.com/sal-videos/69280885f40b4e4e61094282/6846a3f72ea48d13d46a48ae/master.m3u8,PASS — Maths,Topics[:src] of Dump Session ID only,
6,6.2,Maths — Arithmetic essentials (foundation before ML path),Maths,Students · 2 sessions/week · 8-week milestone,"PBAU08-MU01_S01: Arithmetic Essentials: Averages, Ratios, Percentages",6846b22b618c42616900145e,3,New Scene 2.0,55m16s,3316.4,https://cdn.masaischool.com/sal-videos/6862392ca44425acb355c500/6846a4022ea48d13d46a48f7/master.m3u8,PASS — Maths,Topics[:src] of Dump Session ID only,
6,6.2,Maths — Arithmetic essentials (foundation before ML path),Maths,Students · 2 sessions/week · 8-week milestone,"PBAU08-MU01_S01: Arithmetic Essentials: Averages, Ratios, Percentages",6846b22b618c42616900145e,4,New Scene 2.1,6m40s,399.55,https://cdn.masaischool.com/sal-videos/688782f914073865a3651e28/6846a40a0f8d7a05185ab55a/master.m3u8,PASS — Maths,Topics[:src] of Dump Session ID only,
6,6.2,Maths — Arithmetic essentials (foundation before ML path),Maths,Students · 2 sessions/week · 8-week milestone,"PBAU08-MU01_S01: Arithmetic Essentials: Averages, Ratios, Percentages",6846b22b618c42616900145e,5,New Scene 3.0,33m45s,2024.75,https://cdn.masaischool.com/sal-videos/688782f914073865a3651e28/6846a4162ea48d13d46a4a48/master.m3u8,PASS — Maths,Topics[:src] of Dump Session ID only,
6,6.2,Maths — Arithmetic essentials (foundation before ML path),Maths,Students · 2 sessions/week · 8-week milestone,"PBAU08-MU01_S01: Arithmetic Essentials: Averages, Ratios, Percentages",6846b22b618c42616900145e,6,New Scene 3.1,8m16s,496.0,https://cdn.masaischool.com/sal-videos/6862392ca44425acb355c500/6846a4202ea48d13d46a4a9e/master.m3u8,PASS — Maths,Topics[:src] of Dump Session ID only,
7,7.1,Excel — Functions in Excel,Excel,Students · 2 sessions/week · 8-week milestone,CCP_BLOCK_1_S04: Functions in Excel,6845ea7d618c426169ee2dd8,1,Scene 1,47m22s,2842.21,https://cdn.masaischool.com/sal-videos/6818b299961de35e620c3a88/680a4d50bfddaecdcbce0420/master.m3u8,PASS — Excel,Topics[:src] of Dump Session ID only,
7,7.1,Excel — Functions in Excel,Excel,Students · 2 sessions/week · 8-week milestone,CCP_BLOCK_1_S04: Functions in Excel,6845ea7d618c426169ee2dd8,2,rev 1,10m54s,653.99,https://cdn.masaischool.com/sal-videos/680f511f961de35e6247be16/680a4ee0ea5df7672d6ef4d0/master.m3u8,PASS — Excel,Topics[:src] of Dump Session ID only,
7,7.1,Excel — Functions in Excel,Excel,Students · 2 sessions/week · 8-week milestone,CCP_BLOCK_1_S04: Functions in Excel,6845ea7d618c426169ee2dd8,3,IA Discussion,6m42s,401.93,https://cdn.masaischool.com/sal-videos/6818b298961de35e620be7e0/680a50a58e3471afc1798f3e/master.m3u8,PASS — Excel,Topics[:src] of Dump Session ID only,
7,7.1,Excel — Functions in Excel,Excel,Students · 2 sessions/week · 8-week milestone,CCP_BLOCK_1_S04: Functions in Excel,6845ea7d618c426169ee2dd8,4,Scene 2,30m34s,1833.97,https://cdn.masaischool.com/sal-videos/6818b298961de35e620be7e0/680a4d79bfddaecdcbce0551/master.m3u8,PASS — Excel,Topics[:src] of Dump Session ID only,
7,7.1,Excel — Functions in Excel,Excel,Students · 2 sessions/week · 8-week milestone,CCP_BLOCK_1_S04: Functions in Excel,6845ea7d618c426169ee2dd8,5,rev 2,12m02s,722.06,https://cdn.masaischool.com/sal-videos/6818b298961de35e620be7e0/680a4ef7ea5df7672d6ef530/master.m3u8,PASS — Excel,Topics[:src] of Dump Session ID only,
7,7.1,Excel — Functions in Excel,Excel,Students · 2 sessions/week · 8-week milestone,CCP_BLOCK_1_S04: Functions in Excel,6845ea7d618c426169ee2dd8,6,Scene 3,26m31s,1591.16,https://cdn.masaischool.com/sal-videos/68998a3deb3c263fe60f437d/680a4d91bfddaecdcbce0635/master.m3u8,PASS — Excel,Topics[:src] of Dump Session ID only,
7,7.1,Excel — Functions in Excel,Excel,Students · 2 sessions/week · 8-week milestone,CCP_BLOCK_1_S04: Functions in Excel,6845ea7d618c426169ee2dd8,7,rev 3,19m20s,1160.43,https://cdn.masaischool.com/sal-videos/68d271ab2a1d2494e90f0354/680a4f09bfddaecdcbce11ca/master.m3u8,PASS — Excel,Topics[:src] of Dump Session ID only,
7,7.2,"Excel — VLOOKUP, XLOOKUP & HLOOKUP",Excel,Students · 2 sessions/week · 8-week milestone,"cc_b4_s2 : VLookup, XLookup & HLookup",68b7b86f5585f2fcceed0032,1,Scene 1,30m22s,1822.1,https://cdn.masaischool.com/sal-videos/68623937a44425acb358e0f4/6811df9735a0578c601a88bd/master.m3u8,PASS — Excel,Topics[:src] of Dump Session ID only,WARNING: Same CDN video set as Pivot session. Verify before use.
7,7.2,"Excel — VLOOKUP, XLOOKUP & HLOOKUP",Excel,Students · 2 sessions/week · 8-week milestone,"cc_b4_s2 : VLookup, XLookup & HLookup",68b7b86f5585f2fcceed0032,2,Scene 2,13m45s,824.97,https://cdn.masaischool.com/sal-videos/68ecb1ae39def7aec89e0cdd/6811dfa98a78fc5b701529f9/master.m3u8,PASS — Excel,Topics[:src] of Dump Session ID only,WARNING: Same CDN video set as Pivot session. Verify before use.
7,7.2,"Excel — VLOOKUP, XLOOKUP & HLOOKUP",Excel,Students · 2 sessions/week · 8-week milestone,"cc_b4_s2 : VLookup, XLookup & HLookup",68b7b86f5585f2fcceed0032,3,IA Scene,6m16s,375.53,https://cdn.masaischool.com/sal-videos/68ecb1ae39def7aec89e0cdd/6811dfb635a0578c601a8a39/master.m3u8,PASS — Excel,Topics[:src] of Dump Session ID only,WARNING: Same CDN video set as Pivot session. Verify before use.
7,7.2,"Excel — VLOOKUP, XLOOKUP & HLOOKUP",Excel,Students · 2 sessions/week · 8-week milestone,"cc_b4_s2 : VLookup, XLookup & HLookup",68b7b86f5585f2fcceed0032,4,Scene 1,39m29s,2369.1,https://cdn.masaischool.com/sal-videos/68ecb1ae39def7aec89e0cdd/6811dfc29af7de0c15c26332/master.m3u8,PASS — Excel,Topics[:src] of Dump Session ID only,WARNING: Same CDN video set as Pivot session. Verify before use.
7,7.2,"Excel — VLOOKUP, XLOOKUP & HLOOKUP",Excel,Students · 2 sessions/week · 8-week milestone,"cc_b4_s2 : VLookup, XLookup & HLookup",68b7b86f5585f2fcceed0032,5,Scene 2,17m58s,1077.6,https://cdn.masaischool.com/sal-videos/689a47d75fcb3af5972dc499/6811dfcc8a78fc5b70152b79/master.m3u8,PASS — Excel,Topics[:src] of Dump Session ID only,WARNING: Same CDN video set as Pivot session. Verify before use.
7,7.2,"Excel — VLOOKUP, XLOOKUP & HLOOKUP",Excel,Students · 2 sessions/week · 8-week milestone,"cc_b4_s2 : VLookup, XLookup & HLookup",68b7b86f5585f2fcceed0032,6,Scene 1,23m48s,1428.47,https://cdn.masaischool.com/sal-videos/689a47d75fcb3af5972dc499/6811dfdb8a78fc5b70152c31/master.m3u8,PASS — Excel,Topics[:src] of Dump Session ID only,WARNING: Same CDN video set as Pivot session. Verify before use.
8,8.1,Excel — Pivot tables and charts,Excel,Students · 2 sessions/week · 8-week milestone,CCP_BLOCK_1_S04: Pivot tables and charts,684738c2618c426169074cba,1,Scene 1,30m22s,1822.1,https://cdn.masaischool.com/sal-videos/68623937a44425acb358e0f4/6811df9735a0578c601a88bd/master.m3u8,PASS — Excel,Topics[:src] of Dump Session ID only,WARNING: Same CDN video set as VLOOKUP session. Verify before use.
8,8.1,Excel — Pivot tables and charts,Excel,Students · 2 sessions/week · 8-week milestone,CCP_BLOCK_1_S04: Pivot tables and charts,684738c2618c426169074cba,2,Scene 2,13m45s,824.97,https://cdn.masaischool.com/sal-videos/68ecb1ae39def7aec89e0cdd/6811dfa98a78fc5b701529f9/master.m3u8,PASS — Excel,Topics[:src] of Dump Session ID only,WARNING: Same CDN video set as VLOOKUP session. Verify before use.
8,8.1,Excel — Pivot tables and charts,Excel,Students · 2 sessions/week · 8-week milestone,CCP_BLOCK_1_S04: Pivot tables and charts,684738c2618c426169074cba,3,IA Scene,6m16s,375.53,https://cdn.masaischool.com/sal-videos/68ecb1ae39def7aec89e0cdd/6811dfb635a0578c601a8a39/master.m3u8,PASS — Excel,Topics[:src] of Dump Session ID only,WARNING: Same CDN video set as VLOOKUP session. Verify before use.
8,8.1,Excel — Pivot tables and charts,Excel,Students · 2 sessions/week · 8-week milestone,CCP_BLOCK_1_S04: Pivot tables and charts,684738c2618c426169074cba,4,Scene 1,39m29s,2369.1,https://cdn.masaischool.com/sal-videos/68ecb1ae39def7aec89e0cdd/6811dfc29af7de0c15c26332/master.m3u8,PASS — Excel,Topics[:src] of Dump Session ID only,WARNING: Same CDN video set as VLOOKUP session. Verify before use.
8,8.1,Excel — Pivot tables and charts,Excel,Students · 2 sessions/week · 8-week milestone,CCP_BLOCK_1_S04: Pivot tables and charts,684738c2618c426169074cba,5,Scene 2,17m58s,1077.6,https://cdn.masaischool.com/sal-videos/689a47d75fcb3af5972dc499/6811dfcc8a78fc5b70152b79/master.m3u8,PASS — Excel,Topics[:src] of Dump Session ID only,WARNING: Same CDN video set as VLOOKUP session. Verify before use.
8,8.1,Excel — Pivot tables and charts,Excel,Students · 2 sessions/week · 8-week milestone,CCP_BLOCK_1_S04: Pivot tables and charts,684738c2618c426169074cba,6,Scene 1,23m48s,1428.47,https://cdn.masaischool.com/sal-videos/689a47d75fcb3af5972dc499/6811dfdb8a78fc5b70152c31/master.m3u8,PASS — Excel,Topics[:src] of Dump Session ID only,WARNING: Same CDN video set as VLOOKUP session. Verify before use.
8,8.2,Excel — End-to-end dashboard,Excel,Students · 2 sessions/week · 8-week milestone,CCP_Block_1_S04: End to End Dashboard,684b121bdceadf1bb4805464,1,New Scene,33m16s,1995.73,https://cdn.masaischool.com/sal-videos/687002d35b865b2f6c1fc735/68394f306fcb7db8d6cda245/master.m3u8,PASS — Excel,Topics[:src] of Dump Session ID only,
8,8.2,Excel — End-to-end dashboard,Excel,Students · 2 sessions/week · 8-week milestone,CCP_Block_1_S04: End to End Dashboard,684b121bdceadf1bb4805464,2,New Scene,12m59s,779.23,https://cdn.masaischool.com/sal-videos/687002d35b865b2f6c1fc735/68394f47c1c930f556659773/master.m3u8,PASS — Excel,Topics[:src] of Dump Session ID only,
8,8.2,Excel — End-to-end dashboard,Excel,Students · 2 sessions/week · 8-week milestone,CCP_Block_1_S04: End to End Dashboard,684b121bdceadf1bb4805464,3,New Scene,5m38s,338.27,https://cdn.masaischool.com/sal-videos/684b121bdceadf1bb4805464/68394f55c1c930f5566597de/master.m3u8,PASS — Excel,Topics[:src] of Dump Session ID only,
8,8.2,Excel — End-to-end dashboard,Excel,Students · 2 sessions/week · 8-week milestone,CCP_Block_1_S04: End to End Dashboard,684b121bdceadf1bb4805464,4,New Scene,27m00s,1620.2,https://cdn.masaischool.com/sal-videos/68da528d2a1d2494e941a323/68394f62c1c930f556659824/master.m3u8,PASS — Excel,Topics[:src] of Dump Session ID only,
8,8.2,Excel — End-to-end dashboard,Excel,Students · 2 sessions/week · 8-week milestone,CCP_Block_1_S04: End to End Dashboard,684b121bdceadf1bb4805464,5,New Scene,22m13s,1332.97,https://cdn.masaischool.com/sal-videos/691acf0502d7d50d9dc637c4/68394f6f71151e6b58514317/master.m3u8,PASS — Excel,Topics[:src] of Dump Session ID only,
