Case_ID,Persona,Sessions_Per_Week,Total_Sessions,Total_Hours,Session_Number,Approx_Week,Block_Code,Session_Title,Pillar,Duration_Min,Focus,Must_Complete,Topics_Covered,Prepares_For_Main_Course,Notes
R2,Working Professional - Relevant Field,2,13,19.5,1,1,O1,Launchpad Orientation - Goals and Self-check,Orientation,90,Goals + self-check,No,45-day plan; what you already know; what to skip vs practice,Engagement,Shorter path for relevant-field professionals
R2,Working Professional - Relevant Field,2,13,19.5,2,1,O3,Colab and Notebook Quick Refresh,Computer,90,Notebook quick,Yes,Assume computer OK; Colab run/save/errors only,Session 1.1 tooling,Skip deep computer literacy
R2,Working Professional - Relevant Field,2,13,19.5,3,2,P2+P3,Python Refresh - Conditionals and Loops,Programming,90,Python refresh,Yes,if/elif/else; for/while; break/continue (compressed),Sessions 1.1-1.2,Compressed block
R2,Working Professional - Relevant Field,2,13,19.5,4,2,P4+P5,Python Refresh - Functions and Strings,Programming,90,Python refresh,Yes,Functions params/return; string slice/methods/f-strings (compressed),Sessions 1.2-2.1,Compressed block
R2,Working Professional - Relevant Field,2,13,19.5,5,3,P6,Python - Lists (Index Slice and Loop Patterns),Programming,90,Python,Yes,1D lists; indexing; slicing; looping over lists; simple transforms,Sessions 2.1-2.2,
R2,Working Professional - Relevant Field,2,13,19.5,6,3,P7,Python - Dictionaries (Keys and Lookups),Programming,90,Python,Yes,Key-value pairs; lookup; add/update; loop over keys/values,Sessions 2.1-2.2,
R2,Working Professional - Relevant Field,2,13,19.5,7,4,P8,Python Problem Lab - Mix Structures Loops and Functions,Programming,90,Python lab,Yes,Choose list vs dict; combine loops and functions; small end-to-end practice,Session 2.2,
R2,Working Professional - Relevant Field,2,13,19.5,8,4,M2,Descriptive Stats Intuition - Centre and Spread,Maths for AI/ML,90,Maths,Yes,Mean vs median vs mode; range; what spread means in plain language,Session 9.1 descriptive stats,
R2,Working Professional - Relevant Field,2,13,19.5,9,5,M3,Functions Graphs and Slope Intuition,Maths for AI/ML,90,Maths,Yes,What a function is; read x-y graph; straight line vs curve; slope as steepness,Masterclass Functions and Graphs; models as functions,
R2,Working Professional - Relevant Field,2,13,19.5,10,5,M4,Probability Intuition - Chance and Events,Maths for AI/ML,90,Maths,Yes,Chance in plain language; events; simple examples (no heavy formulas),Session 9.1 Probability,
R2,Working Professional - Relevant Field,2,13,19.5,11,6,M5,Vectors and Matrices as Data (Tiny Examples),Maths for AI/ML,90,Vectors/matrices,Yes,Vector/matrix intuition; small numeric examples; link to features,Session 9.2,
R2,Working Professional - Relevant Field,2,13,19.5,12,6,M6,Gradient Descent Story - Learning by Walking Downhill,Maths for AI/ML,90,Gradient descent story,Yes,Slope/derivative intuition; GD as improving a model; no heavy calculus,Session 9.2,
R2,Working Professional - Relevant Field,2,13,19.5,13,7,A1,AI ML and Data Science - Map of This Course,AI Orientation,90,Course/AI map,No,Course map; how your background helps; what to expect on Day 1,Orientation,
