Summary_Type,Category,Unique_Sessions,Total_Occurrences,Launchpad_Relevant_Sessions,Published_Sessions,Notes
OVERALL,All sessions in dump,7888,9534,1201,6104,Unique sessions deduplicated by Title
Communication_Language,English,7875,9521,1201,6091,
Communication_Language,Kannada,5,5,0,5,
Communication_Language,Telugu,4,4,0,4,
Communication_Language,Tamil,4,4,0,4,
Tech_Stack_Primary,General / Unclassified,3938,4740,662,2877,
Tech_Stack_Primary,SQL / Databases,650,753,41,537,
Tech_Stack_Primary,JavaScript,614,789,42,513,
Tech_Stack_Primary,DSA / Algorithms,571,730,31,540,
Tech_Stack_Primary,Python,344,407,216,155,
Tech_Stack_Primary,HTML / CSS,337,409,14,252,
Tech_Stack_Primary,ML / AI / Data Science,328,372,48,253,
Tech_Stack_Primary,Java,294,344,24,237,
Tech_Stack_Primary,Testing / QA,290,330,16,243,
Tech_Stack_Primary,Statistics / Maths,160,196,55,160,
Tech_Stack_Primary,Power BI / Analytics,130,165,8,128,
Tech_Stack_Primary,React,119,151,0,115,
Tech_Stack_Primary,Git / Version Control,44,56,44,27,
Tech_Stack_Primary,System Design,43,63,0,43,
Tech_Stack_Primary,DevOps / Cloud,26,29,0,24,
Program_Track,Other / Untagged,1570,1963,272,1130,
Program_Track,FTSDM,1426,1602,246,935,
Program_Track,PBAU / Analytics,1103,1235,209,878,
Program_Track,PTSDM,913,1000,190,616,
Program_Track,FSDU / Full Stack,744,951,20,730,
Program_Track,PTDSM / Data Science,706,786,157,465,
Program_Track,PSDU,629,846,25,629,
Program_Track,PDSU,361,415,42,353,
Program_Track,cc_b / CC_BLOCK,302,595,26,294,
Program_Track,CUSDM,109,112,7,53,
Program_Track,IRP,17,20,1,17,
Program_Track,FDN_Tech,4,5,4,4,
Program_Track,Internal / Test,3,3,2,0,
Program_Track,Placement,1,1,0,0,
Domain_Primary,General / Other,3688,4497,249,3002,
Domain_Primary,Foundation / Programming Basics,1128,1363,601,674,
Domain_Primary,Web Development,643,802,14,559,
Domain_Primary,Data Science / Analytics,618,720,79,435,
Domain_Primary,Data Structures,534,654,45,437,
Domain_Primary,Database / SQL,464,531,0,380,
Domain_Primary,Testing / QA,346,409,0,303,
Domain_Primary,Foundation / Computational Thinking,202,233,141,83,
Domain_Primary,Maths / Statistics,179,223,72,152,
Domain_Primary,Machine Learning / AI,74,85,0,68,
Domain_Primary,DevOps / Cloud,9,10,0,9,
Domain_Primary,Soft Skills / Orientation,2,6,0,1,
Domain_Primary,Placement / Career,1,1,0,1,
Year,2024,106,188,75,0,
Year,2025,7584,9159,1125,5895,
Year,2026,220,287,7,219,
